sequence,target,length
MPATSSIITIIAVAACLLLLVADAHAQQQCNWQYGLTTMDIRCSVRALESGTGTPLDLQVAEAAGRLDLQCSQELLHASELAPGLFRQLQKLSELRIDACKLQRVPPNAFEGLMSLKRLTLESHNAVWGPGKTLELHGQSFQGLKELSELHLGDNNIRQLPEGVWCSMPSLQLLNLTQNRIRSAEFLGFSEKLCAGSALSNANGAVSGGSELQTLDVSFNELRSLPDAWGASRLRRLQTLSLQHNNISTLAPNALAGLSSLRVLNISYNHLVSLPSEAFAGNKELRELHLQGNDLYELPKGLLHRLEQLLVLDLSGNQLTSHHVDNSTFAGLIRLIVLNLSNNALTRIGSKTFKELYFLQILDMRNNSIGHIEEGAFLPLYNLHTLNLAENRLHTLDNRIFNGLYVLTKLTLNNNLVSIVESQAFRNCSDLKELDLSSNQLTEVPEAVQDLSMLKTLDLGENQISEFKNNTFRNLNQLTGLRLIDNRIGNITVGMFQDLPRLSVLNLAKNRIQSIERGAFDKNTEIEAIRLDKNFLTDINGIFATLASLLWLNLSENHLVWFDYAFIPSNLKWLDIHGNYIEALGNYYKLQEEIRVTTLDASHNRITEIGAMSVPNSIELLFINNNIIGQIQANTFVDKTRLARVDLYANVLSKISLNALRVAPVSAEKPVPEFYLGGNPFECDCSMEWLQRINNLTTRQHPHVVDLGNIECLMPHSRSAPLRPLASLSASDFVCKYESHCPPTCHCCEYEQCECEVICPGNCSCFHDATWATNIVDCGRQDLAALPNRIPQDVSDLYLDGNNMPELEVGHLTGRRNLRALYLNASNLMTLQNGSLAQLVNLRVLHLENNKLTALEGTEFRSLGLLRELYLHNNMLTHISNATFEPLVSLEVLRLDNNRLSSLPHLQYRHSLQGLTLGRNAWSCRCQQLRELAQFVSDNAMVVRDAHDIYCLDAGIKRELELIGNLANGPDCSDLLDASASNISSSQDLAGAIGCPCWPAVLVLIFLVVVLIIVFVFRESVRMWLFAHYGVRVCEPRFEDAGKLYDAIILHSEKDYEFVCRNIAAELEHGRPPFRLCIQQRDLPPQASHLQLVEGARASRKIILVLTRNLLATEWNRIEFRNAFHESLRGLAQKLVIIEETSVSAEAEDVAELSPYLKSVPSNRLLTCDRYFWEKLRYAIPIELSPRGNNYTLDHHERFKQPVSPGMIFRQAPPPPAYYCTEEMEANYSSATTATPSPRPTRPGGAARIVDSMPMPMRPPSEHIYHSIESEYSAYDQHEALSMIPTGLMHQHQQQQLRLHQQQQQQQQQRLLQPQFRAMPQQAIPAPSAPVHLRSGSGLSQASTSTQSTAQASTSAAAAQQQQQQQQQQQQQQAAGSEAANKNGQAFLV,0,1389
MRRKMKLFLFLLLVINICRSAAANGDECPKFCKCAPDPVQPTSKLLLCDYSSKNTTITPIASSNYDQVANIRSLFISCDNNNFQFPDAYFKSLTALHHLRIVGCETTHFSVKLFEDLAALRRLELDQISTASTSFEMTEDVLMPLARLEKFSLTRSRNIELPQRLLCSLPHLQVLNISSNELPSLRREESCVAQQLLIVDLSRNRLTNIEQFLRGIPAIRQISVAYNSIAELDLSLATPFLQQLDAEANRIVDLTSLPGTVVHVNLAGNALKRVPDAVAELASLVALNVSRNEIEAGNSSVFSSPELEMLDASYNKLDSLPVEWLQKCEKRIAHLHLEHNSIEQLTGGVLANATNLQTLDLSSNQLRVFRDEVLPENSKIGNLRLSNNSLELLEPSSLSGLKLESLDLSHNKLTEVPAAIGKVEQLKKVDLSHNRIAKVYQYVLNKIKQLHTVDLSNNQLQSIGPYIFSDSSELHSLDVSNNEISLLFKDAFARCPKLRKISMKMNKIKSLDEGLTEASGLRRLDVSHNEILVLKWSALPENLEILNADNNDINLLTAASMSPSTANLKSVSLSNNGITIMNADQIPNSLESLDVSNNRLAKLGKTALAAKSQLRRLNLKGNLLTVVATESMKVVEAVHPLKVEISENPLICDCQMGWMIGGAKPKVLIQDSETASCSHAVDGHQIQIQSLSKKDLLCPYKSVCEPECICCQYGNCDCKSVCPANCRCFRDDQFNINIVRCHGNSSMVPKREFVVSELPVSATEIILSGVTLPQLRTHSFIGRLRLQRLHINGTGLRSIQPMAFHTLPALKTLDLSDNSLISLSGEEFLKCGEVSQLFLNGNRFSTLSRGIFEKLPNLKYLTLLINSLEDIPQVLHSTALSKISLSSNPLRCDCSGGSQQHLHHRRDPKAHPFWEHNAAEWFSLHRHLVVDFPKVECWENVTKAFLTNDTTVLSAYPPNMGNDVFVMPIEEFPARLQLNNLCSILIWFFGQDPQNSILFVIITISIAVLLCVLVILAISFIRKSHDAINQRRYKASSLNCSTSAGSSPLPVPLLSYHAFVSYSKKDEKMVIDQLCRPLEDEDYQLCLLHRDGPTYCSNLHAISDELIAQMDSSQCLILVLTKHFLENEWKTLQIKTSHQLFAKNRAKRVIAVLGDGVDANLLDDELGQILRKHTRIEMRSHLFWTLLHSSLPSRLPLPSNSGDDSSQLYSDIYGIVPSDVV,0,1221
MAFIRQAPFLRCLPLVLLCILTPTLIQTIHQDAMLTSSMKCHYDAEQKEADCSDRGLDSIPQNLPDDIEELDLKFNKITFILSSSFMRYPLIQVLDFSSNDIRMIESASFYPLKELNRLDLPFNHNLVFPATDLFRWSRNLSILKLYGSNLKLLPNDTLKWSPSVESIYLRFNKLTFVNMSLCGRAKKISLAYNKIEHLTAESFIIGCQSDYIDLTGNPIKSVDPNVIASLRVRSLVLGEYPLTLEVLKDTFIGICRSEIVELTINGANFTVLPRDFFSPLRNCSPPVLKFTGNNLQSLSQNVFSNLTRLVELDLSHNEIQALSPYVFSNLTRLVELDLSFNEIQSLSPYVFSNLTRLVELDLSQNKIITVEPVFYQGMRGLKVLNLNFNQIKYINPNTDEWTLDLNELYLRSNSLTEISEFAFFGLRNLTLLDLSFNKDLIVLNITSSSKLTGIQTIALNFCNFCDMDIFQPVAPNLTTLFMNNMIAEMIMMAPGITFEDSQGLENLEIRNSGLSNFNIWDEILNTSLFDGLSNLITLDLSQNYFDFYFPDDFPARIFKQLSALQNLSLEACHISCLHPLAFTGLESLRVLNLSGNVIQQLNFDIFKMLDQVTIIDLHDNLLAYLDEQLFSNNPRLTTLLLSNNKLTLLNQKTFEPIESSLLSFDLSLNPIDCNCDLRWFRDWMSGHIDVIDKNRTICSSASLQPLREKPLLDFDPNKLCGLNIGLVVMTPLAGIFLGVIVAIFYHNRLQLKYKLFLLKLMVIGYKEMRDARDHNDYEFDLNIIFYEDDEEWVRQQLQPALEERLPQFQRNVFGDQDLILGMHYLDAVDYVVSHSYKTLILLSRAAVHDRWFMLKLRTAMDHVSDTQTEFVVVVFLEDFPDEDIPFLARLYLSDGRPYQHWTEDVGGHVFFWNALVKNLTINLRTNDFIPNE,0,933
EKTEYRSEVEEIQQEDFLPLQNTTISNLTLTANKIQILQPQSFLHLNFIQEILLGGNQINSFDIQPSLGMTYIEHLSLIGCQIHDLLPPDFASNLSVTYPTIRTLTLSANKIETVQEGAFWGFTTLEVLSLNLNQLKVLTNQSFCRLESLTELDISNNKLTSFTNGTFTCLQSLKQLNASGNLLQTLSPGYFYGMSSILTISLSSNRIDALNNDQQLWAIKTLRMLDISNNALKGVSKGRFNGLTNLEALNISGNNINYYSYTAFTGLLNLKELYLENERAAFLENSFCQLHTLLFLDLSNAPIQVSPTSIEQFFNMSSLRELRMEKAQLKDTDLYDKDKHQSLFTGLFSLRTLQIKDNYLHDLDVRIFQNLSQLVHLDMSNSRIHTLRSGLFSPLPSLRYLYIGENNLVEVPGDIFNGLFRLNVLTFQNNILSSLDPKTFAQTLRLTDLYLPGNQISTIKPGTVLPGNTSLRLDISNNPFSCTCSLAWFRQWLDSADIDVKHADQTLCSGTSLKGLSKQPILSFHPEDHCGVNIFLIAGISFTCIFLFLITLLAYNRRWWLNHKFFLLKLAVVGYEEMAEDFDADNYEFHLNLMFLEEEEEWVDRVIKPALEERFPHLQNIIYGDKDLHLGMFYINAINDALDNSFKTVLLISNQSIRDAWCMTKLRMALEHLNETGLDKIILIFLEDIEDENLPYLVRLFMSRNKPYMLWTDDEDGQELFWAQFEKSMRANKAINNAIPL,0,742
MSFKHPSSLFPSLVMAFLLPLTLQAFQGDSMEIVSSGLHTGSVRRGCYQNVEQRRAYCSSRGLDSVLQNLAEDTNELDLSENNITVLPKFSFRRYPLITDLDLSANDIRVIEPTAFHPLKKLVNLSIIANRNLVLPVSGLFRWASKLTLLNLSGSNLKSLPNDTLKWNQHIDYLDLGFNHLTFINISTCGSVRYAGFAYNHIEQLTKETFTFGCQTDHLELGNNPIKLIDPIAIAALHTHSLILIYAGGHSWTPEMLRNLTIGISRSHIKSLKVDVNLGHFPQDVFTPLRDYSFTLLDFSYNKVNALFPFVFSNLTLLDQLDLSNNKIATIEPNFFDSMQALKVLNINFNQVRSINTGNHTWTINLIKLYLSTNSLTEISKFAFLGLQNLTLLDLSFNRRLASIYLTSFTGLDNIHTIDLSGCSIRYLQLYTPVLRSLYMKRNYLFGAPINPLEPGKSFKDSTNLVYLDIQESQVFPYNLWDPATNVSLFEGLFNLTTLDMSKNPNIGKFGLDLGIFHHLSALQELSLDACAISNLHPLVFTGLDSLQKLNLSGNNLEQIRIGLLTGLGQIRSIKLDGNILALLDERTFLNKSRLTSLSLANNKLTFLNESIFRPIYTSLSLVDFSQNPLICTCDLEWLLHWLNQNGTVRLANENQTLCAPSSLASLREKPLLHFNPSELCRFNYAIFSLIPIVIVSLVVLLALVYHQRWRLRYKLFLLKLAVIGYRGEAIDARDHNDYEFDVNIIFYDDDEEWIRDNLRPTLEVQLPQFQRNTFGDADLIPGMYYLDAVDYVVSRSYKTIILLSRAAVRDRWFMLKFRTAMNHVSDTQTEFVVVVFLEDIPDDEIPFLARLFLSDGRPYLHWTEDVRGQEYFWNELAKNLTINLRTNDLIPNE,0,894
MTKPNSLIFYCIIVLGLTLMKIQLSEECELIIKRPNANLTRVPKDLPLQTTTLDLSQNNISELQTSDILSLSKLRVLIMSYNRLQYLNISVFKFNTELEYLDLSHNELKVILCHPTVSLKHLDLSFNAFDALPICKEFGNMSQLQFLGLSGSRVQSSSVQLIAHLNISKVLLVLGDAYGEKEDPESLRHVSTETLHIVFPSKREFRFLLDVSVSTTIGLELSNIKCVLEDQGCSYFLRALSKLGKNLKLSNLTLNNVETTWNSFINILQIVWHTPVKYFSISNVKLQGQLAFRMFNYSDTSLKALSIHQVVTDVFSFPQSYIYSIFANMNIQNFTMSGTHMVHMLCPSQVSPFLHVDFTDNLLTDMVFKDCRNLVRLKTLSLQKNQLKNLENIILTSAKMTSLQKLDISQNSLRYSDGGIPCAWTQSLLVLNLSSNMLTGSVFRCLPPKVKVLDLHNNRIMSIPKDVTHLQALQELNVASNSLTDLPGCGAFSSLSVLVIDHNSVSHPSEDFFQSCQNIRSLTAGNNPFQCTCELRDFVKNIGWVAREVVEGWPDSYRCDYPESSRGTALRDFHMSPLSCDTVLLTVTIGATMLVLAVTGAFLCLYFDLPWYVRMLCQWTQTRHRARHIPLEELQRNLQFHAFVSYSGHDSAWVKNELLPNLEKDDIQICLHERNFVPGKSIVENIINFIEKSYKSIFVLSPHFIQSEWCHYELYFAHHNLFHEGSDNLILILLAPIPQYSIPTNYHKLKTLMSRRTYLEWPTEKNKHGLFWANLRASINVKLVNQAEGTCYTQQ,0,795
MPRALWTAWVWAVIILSTEGASDQASSLSCDPTGVCDGHSRSLNSIPSGLTAGVKSLDLSNNDITYVGNRDLQRCVNLKTLRLGANEIHTVEEDSFFHLRNLEYLDLSYNRLSNLSSSWFRSLYVLKFLNLLGNLYKTLGETSLFSHLPNLRTLKVGNSNSFTEIHEKDFTGLTFLEELEISAQNLQIYVPKSLKSIQNISHLILHLKQPILLVDILVDIVSSLDCFELRDTNLHTFHFSEASISEMSTSVKKLIFRNVQFTDESFVEVVKLFNYVSGILEVEFDDCTHDGIGDFRALSLDRIRHLGNVETLTIRKLHIPQFFLFHDLSSIYPLTGRVKRVTIENSKVFLVPCLLSQHLKSLEYLDLSENLMSEETLKNSACKDAWPFLQTLVLRQNRLKSLEKTGELLLTLENLNNLDISKNNFLSMPETCQWPGKMKQLNLSSTRIHSLTQCLPQTLEILDVSNNNLDSFSLILPQLKELYISRNKLKTLPDASFLPVLSVMRISRNIINTFSKEQLDSFQQLKTLEAGGNNFICSCDFLSFTQGQQALGRVLVDWPDDYRCDSPSHVRGQRVQDARLSLSECHRAAVVSAACCALFLLLLLTGVLCHRFHGLWYMKMMWAWLQAKRKPRKAPRRDICYDAFVSYSERDSYWVENLMVQELEHFNPPFKLCLHKRDFIPGKWIIDNIIDSIEKSHKTIFVLSENFVKSEWCKYELDFSHFRLFDENNDAAILILLEPIDKKAIPQRFCKLRKIMNTKTYLEWPVDETQQEGFWLNLRAAIRS,0,784
MLHVLWTFWILVAMTDLSRKGCSAQASLSCDAAGVCDGRSRSFTSIPSGLTAAMKSLDLSNNKITSIGHGDLRGCVNLRALILQSSGINTIEEDAFSSLSKLEYLDLSDNHLSNLSSSWFRPLSSLKYLNLLGNPYRILGETPLFLNLTHLQTLRVGNVATFSGIRRTDFAGLTSLDELEIKALSLQNYEPGSLQSIQSIHHLTFHLSQSDFLLGVFEDTLSSVGYLELRDANLDSFYFSELSTDEMNSPMKKLAFQNADLTDESFNELLKLLRYTPELLEVEFDDCTLNGVGDFQPSESDVVRELGKVETLIIRRLHIPRFYSFYDLSTVYTLLEKVKRITVENSKVFLVPCLFSQHLKSLEFLDLSENLMVEEYLKNAACEGSWPSLQTLILRQNRLKSIERTGKILLTLKNLTALDISRNSFQSMPDSCQWPGKMRFLNLSSTGIQAVKMCIPQTLEVLDVSNNNLISFSLFLPLLRELYISRNKLHTLPDASLFPVLLVMKIRENAISTFSKDQLSSFPKLVSLEAGGNHFICSCELLSFTLEHPALVQVLAGWPDSYLCDSPSRLRGQRVQDARPSVLECHQTLLVSGVCCALVLLILLIGGLCHHFHGLWYLRMMWAWLQAKRKPKKAPCRDICYDAFVSYSEQDSYWVENLMVQQLENSEPPFKLCLHKRDFVPGKWIIDNIIDSIEKSHKTLFVLSENFVRSEWCKYELDFSHFRLFDENNDAGILVLLEPIEKKAIPQRFCKLRKIMNTKTYLEWPLDEGQQEVFWVNLRTAIKS,0,784
MPHTLWMVWVLGVIISLSKEESSNQASLSCDHNGICKGSSGSLNSIPSGLTEAVKSLDLSNNRITYISNSDLQRYVNLQALVLTSNGINTIEEDSFSSLGRLEHLDLSYNYLSNLSSSWFKPLSSLKFLNLLGNPYKTLGETSLFSHLTKLRILRVGNMDTFTKIQRKDFAGLTFLEELEIDASDLQSYEPKSLKSIQNVSHLILHMKQHILLLEIFVDLTSSVECLELRDTDLDTFHFSELSTGETNSLIKKFTFRNVKITDESLFQVMKLLSQISGLLELEFDDCTLNGVGDFRGSDNDRVIDPGKVETVTIRRLHIPQFYSFNDLSTLYPLTERVKRITVENSKVFLVPCLLSRHLKSLEYLDLSENLMVEEYLKNSACEDAWPSLQTLILRQNHLASLGKTGETLLTLKNLTNLDISKNTFHYMPETCQWPEKMKYLNLSSTRIHSVTGCIPKTLEILDISNNNLNLFSLNLPQLKELYISRNKLMTLPDASLLPMLLVLKISRNTITTFSKEQLDSFHTLKTLEAGGNNFICSCEFLSFTQEQQALAKVLVDWPANYLCDSPSHVRGQRVQDVRLSVSECHRAALVSGMCCALFLLILLMGVLCHRFHGLWYMKMMWAWLQAKRKPRKAPNRDICYDAFVSYSERDAYWVENLMVQELENFNPPFKLCLHKRDFIPGKWIIDNIIDSIEKSHKTVFVLSENFVKSEWCKYELDFSHFRLFDENNDAAILVLLEPIEKKAIPQRFCKLRKIMNTKTYLEWPMDEARQEGFWVNLRAAIKS,0,784
MLRALWLFWILVAITVLFSKRCSAQESLSCDASGVCDGRSRSFTSIPSGLTAAMKSLDLSFNKITYIGHGDLRACANLQVLILKSSRINTIEGDAFYSLGSLEHLDLSDNHLSSLSSSWFGPLSSLKYLNLMGNPYQTLGVTSLFPNLTNLQTLRIGNVETFSEIRRIDFAGLTSLNELEIKALSLRNYQSQSLKSIRDIHHLTLHLSESAFLLEIFADILSSVRYLELRDTNLARFQFSPLPVDEVSSPMKKLAFRGSVLTDESFNELLKLLRYILELSEVEFDDCTLNGLGDFNPSESDVVSELGKVETVTIRRLHIPQFYLFYDLSTVYSLLEKVKRITVENSKVFLVPCSFSQHLKSLEFLDLSENLMVEEYLKNSACKGAWPSLQTLVLSQNHLRSMQKTGEILLTLKNLTSLDISRNTFHPMPDSCQWPEKMRFLNLSSTGIRVVKTCIPQTLEVLDVSNNNLDSFSLFLPRLQELYISRNKLKTLPDASLFPVLLVMKIRENAVSTFSKDQLGSFPKLETLEAGDNHFVCSCELLSFTMETPALAQILVDWPDSYLCDSPPRLHGHRLQDARPSVLECHQAALVSGVCCALLLLILLVGALCHHFHGLWYLRMMWAWLQAKRKPKKAPCRDVCYDAFVSYSEQDSHWVENLMVQQLENSDPPFKLCLHKRDFVPGKWIIDNIIDSIEKSHKTVFVLSENFVRSEWCKYELDFSHFRLFDENNDAAILVLLEPIERKAIPQRFCKLRKIMNTKTYLEWPLDEGQQEVFWVNLRTAIKS,0,784
MFNQSKQKPTMKLMWQAWLIYTALAAHLPEEQALRQACLSCDATQSCNCSFMGLDFIPPGLTGKITVLNLAHNRIKLIRTHDLQKAVNLRTLLLQSNQISSIDEDSFGSQGKLELLDLSNNSLAHLSPVWFGPLFSLQHLRIQGNSYSDLGESSPFSSLRNLSSLHLGNPQFSIIRQGNFEGIVFLNTLRIDGDNLSQYEPGSLKSIRKINHMIISIRRIDVFSAVIRDLLHSAIWLEVREIKLDIENEKLVQNSTLPLTIQKLTFTGASFTDKYISQIAVLLKEIRSLRELEAIDCVLEGKGAWDMTEIARSKQSSIETLSITNMTILDFYLFFDLEGIETQVGKLKRLSIASSKVFMVPCRLARYFSSLLYLDFHDNLLVNNRLGETICEDAWPSLQTLNLSKNSLKSLKQAARYISNLHKLINLDISENNFGEIPDMCEWPENLKYLNLSSTQIPKLTTCIPSTLEVLDVSANNLQDFGLQLPFLKELYLTKNHLKTLPEATDIPNLVAMSISRNKLNSFSKEEFESFKQMELLDASANNFICSCEFLSFIHHEAGIAQVLVGWPESYICDSPLTVRGAQVGSVQLSLMECHRSLLVSLICTLVFLFILILVVVGYKYHAVWYMRMTWAWLQAKRKPKRAPTKDICYDAFVSYSENDSNWVENIMVQQLEQACPPFRLCLHKRDFVPGKWIVDNIIDSIEKSHKTLFVLSEHFVQSEWCKYELDFSHFRLFDENNDVAILILLEPIQSQAIPKRFCKLRKIMNTKTYLEWPPDEEQQQMFWENLKAALKS,0,793
MHTWKMWAICTALAAHLPEEQALRQACLSCDATQSCNCSFMGLDFIPPGLTGKITVLNLAHNRIKVIRTHDLQKAVNLRTLLLQSNQISSIDEDSFGSQGKLELLDLSNNSLAHLSPVWFGPLFSLQHLRIQGNSYSDLGESSPFSSLRNLSSLHLGNPQFSIIRQGNFEGIVFLNTLRIDGDNLSQYEPGSLKSIRKINHMIISIRRIDVFSAVIRDLLHSAIWLDVRKLAFSVPEKIQLLRIMSSSFAKKISLKQCLFTDATVPEIVSILEGMPKLMEVEMKDCTLLGTGKWYKQIHANQSQSLRILTIENLSIEEFYLFTDLQSVLDLLSLFRKVTVENTKVFLVPCKLSQHLLSLEYLDLSANLLGDQSLEHSACQGAWPSLQTLNLSQNSLSDLKMTGKSLFHLRNLNLLDISENNFGEIPDMCEWPENLKYLNLSSTQIPKLTTCIPSTLEVLDVSANNLQDFGLQLPFLKELYLTKNHLKTLPEATDIPNLVAMSISRNKLNSFSKEEFESFKQMELLDASANNFICSCEFLSFIHHEAGIAQVLVGWPESYICDSPLTVRGAQVGSVQLSLMECHRSLLVSLICTLVFLFILILVVVGYKYHAVWYMRMTWAWLQAKRKPKRAPTKDICYDAFVSYSENDSNWVENIMVQQLEQACPPFRLCLHKRDFVPGKWIVDNIIDSIEKSHKTLFVLSEHFVQSEWCKYELDFSHFRLFDENNDVAILILLEPIQSQAIPKRFCKLRKIMNTKTYLEWPPDEEQQQMFWENLKAALKS,0,781
MKGCSSYLMYSFGGLLSLWILLVSSTNQCTVRYNVADCSHLKLTHIPDDLPSNITVLNLTHNQLRRLPPTNFTRYSQLAILDAGFNSISKLEPELCQILPLLKVLNLQHNELSQISDQTFVFCTNLTELDLMSNSIHKIKSNPFKNQKNLIKLDLSHNGLSSTKLGTGVQLENLQELLLAKNKILALRSEELEFLGNSSLRKLDLSSNPLKEFSPGCFQTIGKLFALLLNNAQLNPHLTEKLCWELSNTSIQNLSLANNQLLATSESTFSGLKWTNLTQLDLSYNNLHDVGNGSFSYLPSLRYLSLEYNNIQRLSPRSFYGLSNLRYLSLKRAFTKQSVSLASHPNIDDFSFQWLKYLEYLNMDDNNIPSTKSNTFTGLVSLKYLSLSKTFTSLQTLTNETFVSLAHSPLLTLNLTKNHISKIANGTFSWLGQLRILDLGLNEIEQKLSGQEWRGLRNIFEIYLSYNKYLQLSTSSFALVPSLQRLMLRRVALKNVDISPSPFRPLRNLTILDLSNNNIANINEDLLEGLENLEILDFQHNNLARLWKRANPGGPVNFLKGLSHLHILNLESNGLDEIPVGVFKNLFELKSINLGLNNLNKLEPFIFDDQTSLRSLNLQKNLITSVEKDVFGPPFQNLNSLDMRFNPFDCTCESISWFVNWINQTHTNISELSTHYLCNTPHHYYGFPLKLFDTSSCKDSAPFELLFIISTSMLLVFILVVLLIHIEGWRISFYWNVSVHRILGFKEIDTQAEQFEYTAYIIHAHKDRDWVWEHFSPMEEQDQSLKFCLEERDFEAGVLGLEAIVNSIKRSRKIIFVITHHLLKDPLCRRFKVHHAVQQAIEQNLDSIILIFLQNIPDYKLNHALCLRRGMFKSHCILNWPVQKERINAFHHKLQVALGSRNSAH,0,905
MMARARLAAALIPATAILSCLRTESWDPCVQVVPNISYQCMELNLYKIPDNIPISTKMLDLSFNYLRHLGSHNFSSFPELQVLDLSRCEIKIIEDDTFQGLNHLSTLILTGNPIQSLAWGAFSGLSSLQKLVAVETNLVSLNDFPIGHLKNLKELNVAHNFIHSFKLPEYFSNLPNLEHLDLSNNKIQNIYYEDVKVLHQMPLLNLSLDLSLNPLDFIEPGTFKEIKLNGLTLRSNFNSSHVMKTCIQGLAGLKTNRLVLGEFKNERKLQRFDRSFLEGLCNLTIEQFRIAYLDKFSGDDTDLFNCLANVSVISLLSISLGSLQALLKDFRWQHLEIINCDFDKFPALKLSSLKKFVFTDNKDISTFTEFQLPSLQYLDLKRNHLSFKGCCSHTDFGTTNLKHLDLSFNDVITLGSNFMGLEQLEHLDFQHSTLKQINAFSAFLSLRNLRYLDISYTNIRIVFHGIFTGLVSLQTLKMAGNSFQNNLLPDIFTELTNLTVLDLSKCQLEQVAQTAFHSLSSLQVLNMSHNKLLSLDTFLYEPLHSLRILDCSFNRIMASKEQELQNLPRSLTWLNLTQNAFACVCEHQSFLQWVKDQRQLLVGAEQMMCAEPLDMEDMPVLSFRNATCQLSKTIISVSVVTVLLVSVVGVLVYKFYFHLMLLAGCKKYGRGESIYDAFVIYSSQDEDWVRNELVKNLEEGVPPFQLCLHYRDFIPGVAIAANIIQEGFHKSRKVIVVVSQHFIQSRWCIFEYEIAQTWQFLSSRAGIIFIVLQKLEKSLLRQQVELYRLLSRNTYLEWEDSVLGRHVFWRRLRKALLAGKPQSPEGTADAETNPQEATTST,0,841
MMPSFCLAGTLMMALFLSSLRPESLDPCVEVDSNTSYQCMDRNLNKIPDNIPSSVKHLDLSFNPLKTLGSHSFFNFPELKLLDLSRCEIETIEDKAYQGLHQLTTLILTGNPIQNLSKGTFSGLANLQNLVAVEIKLASLDSLPIGHLVTLKKLNVAHNLIHSFKLPEYFSNLTNLEHLDLSNNYIQTIYYTDLQTLRENPQLNLSLELSLNPIDFIQPGAFQGIRLHELTLRSNFNSTNVMKTCIHNLDGLQVHRLILGEFKNERNVERFDRYVIEGLCKVTIEEFRFTYANEFSEDITDFDCLANVSAMSLANVYLKRLEDIPKYFKWQTLAVIRCELKQFPPLELPFLKRLIFITNKGATSFPEVNLPSLTFLDLSGNGMSFRGCCSYTDLGARSLKHLDLSFNGVISMSENFMGLEQLEYLDFQHSTLKKATEFSMFLPLEKLLYLDISYTNTKIDFNGIFFGLTSLNTLKMAGNSFKDNILSNVFTNTTNLTFLDISKCQLQQVSWGVFDTLHRLELLNMSHNNLLLLDLFHYKQLHSLKTLDCSFNHIETSKGIMQHFPKSLAFLNLTNNPFACICEHQNFLQWVKDQRLFLVKTEQMTCATPVEMKDSLVLDFRNATCYVQKTIISVSVISVLVVSTIAFLVYKFYFHLILIAGCKKYSRGESIYDAFVIYSSQDEDWVRNELVKNLEEGVPPFQLCLHYRDFIPGVAIAANIIQEGFHKSRKVIVVVSRHFIQSRWCIFEYEIAQTWQFLSSHSGIIFIVLEKVEKSLLKQQVELYRLLSRNTYLEWEDNALGRHIFWRRLKKALLDGRAWNPEGATEAENNQQETTTSI,0,838
MMPPTRLAGTLIPAMAFLSCLRPESWDPCVEVVPNITYQCMDLNLHKIPDNIPSSTKDLDMSFNPLRNLGSHSFSNFPELQVLDLSRCEIQIIEDDAYQGLNHLSILILTGNPIQRLFPGAFSGLSSLQTLVAVETNIASLEDFPIGHLKTLKELNVAHNLIHSFKLPEYFSNMSNLEYLDLSNNKIQNIYHKDLQVLHQKPLLNLSLDLSLNPLDFIQPGAFKEVKLRELTLRSNFNSTDVMKASIQGLAGLQIHQLVLGEFKNERNLGRFDKSILEGLCNLIIEKFRIAYFDKFSEDAIDSFNCLANVSTISLVHLYFKGLKQLPKNLGWQRLELVNCEFEQFPTWKLDPLKELVFSANEVRNAFTQVKLESLEFLDLSRNDFSLKSCCSERDLGTTRLKHLDLSFNNIITISSNFLGLEQLEYLDFQHSSLKQVSDFSVFLPLKNLRYLDISYTHTQVAFHGIFNGLISLQILKMAGNSFQDNFLPNIFMELTNLTILDLSDCQLEQVSQVAFNSLPKLQLLNMSHNHLLSLDTLPYEPLHSLQTLDCSFNRIVASKEQELRHFPSNLSSLNLTRNDFACVCEHQSFLQWVKDQRQLLVEVEQMVCAKPLDMQGMPMLNFRNATCQVRKTIITGSVFTVLLVFLVVVLVYKFYFHLMLLAGCKKYSRGESTYDAFVIYSSQDEDWVRNELVKNLEEGVPPFQLCLHYRDFIPGVAIAANIIQEGFHKSRKVIVVVSQHFIQSRWCIFEYGIAQTWQFLSSRAGIIFIVLQKLEKSLLRQQVELYRLLNRNTYLEWEDSVLGRHIFWRRLRKALLDGKPRCPEGMADAEGS,0,833
MMPPTRLAGTLIPAMAFLSCLRPESWDPCVQVVPNTTYQCMDLNLYKIPENIPTSTKELDLSFNPLKELGSHSFSNFPELQVLDLSRCEIEMIEDDAYQGLNHLSTLILTGNPIRSLALGAFSGLSSLQTLVAVETKLSSLEKFPIGHLKTLKELNVAHNLIHSFKLPEYFSKMPNLEHLDLSNNKIQNISHEDLRVLHQMPLLNLSLDLSLNPLEFIQPDAFKEIKLHKLTLRSNFDSIDVMKSCIQGLAGLKVNRLVLGEFKNERKLERFDTSALRGLHNLTIEEFRLAYIDNYSSKDSIDLLNCLADISKISLVSLDLGNLKDFPKGFGWQDFELVNCRIEGFPTLELTSLKRLVFTSNKDMKSFNEVKLPSLEFLDLSRNRLSFKSCCSEADLKTTRLKHLDLSFNDVISMSSNFMGLEQLEHLDFQHSTLKQASDFPVFLSLKNLRYLDISYTNTRVVFHGIFDGLVSLQVLKMAGNSFKDNFLPNIFREMTNLTTLDLSKCNLEQVSQEAFCLLPRLRVLNMSHNNLLFLDMLPYKPLHSLQILDCSFNRIVAFKWQELQHFPSSLASLNLTQNDFACVCEYQSFLQWVKDQRQLLVEVEHLVCAIPLQMRGMPVLGFNNATCQISKTIVGGSVFSILMVSVIAVLVYKFYFHLMLLAGCKKYGRGESIYDAFVIYSSQDEDWVRNELVKNLEEGVPPFQLCLHYRDFIPGVAIAANIIQEGFHKSRKVIVVVSQHFIQSRWCIFEYEIAQTWQFLSSRAGIIFIVLHKLEKSLLRQQVELYRLLNRNTYLEWEDSVLGRHIFWRRLRKALLDGKPWSPAGTADAAESRQHDAETST,0,843
MMPPWLLARTLIMALFFSCLTPGSLNPCIEVVPNITYQCMDQKLSKVPDDIPSSTKNIDLSFNPLKILKSYSFSNFSELQWLDLSRCEIETIEDKAWHGLHHLSNLILTGNPIQSFSPGSFSGLTSLENLVAVETKLASLESFPIGQLITLKKLNVAHNFIHSCKLPAYFSNLTNLVHVDLSYNYIQTITVNDLQFLRENPQVNLSLDMSLNPIDFIQDQAFQGIKLHELTLRGNFNSSNIMKTCLQNLAGLHVHRLILGEFKDERNLEIFEPSIMEGLCDVTIDEFRLTYTNDFSDDIVKFHCLANVSAMSLAGVSIKYLEDVPKHFKWQSLSIIRCQLKQFPTLDLPFLKSLTLTMNKGSISFKKVALPSLSYLDLSRNALSFSGCCSYSDLGTNSLRHLDLSFNGAIIMSANFMGLEELQHLDFQHSTLKRVTEFSAFLSLEKLLYLDISYTNTKIDFDGIFLGLTSLNTLKMAGNSFKDNTLSNVFANTTNLTFLDLSKCQLEQISWGVFDTLHRLQLLNMSHNNLLFLDSSHYNQLYSLSTLDCSFNRIETSKGILQHFPKSLAFFNLTNNSVACICEHQKFLQWVKEQKQFLVNVEQMTCATPVEMNTSLVLDFNNSTCYMYKTIISVSVVSVIVVSTVAFLIYHFYFHLILIAGCKKYSRGESIYDAFVIYSSQNEDWVRNELVKNLEEGVPRFHLCLHYRDFIPGVAIAANIIQEGFHKSRKVIVVVSRHFIQSRWCIFEYEIAQTWQFLSSRSGIIFIVLEKVEKSLLRQQVELYRLLSRNTYLEWEDNPLGRHIFWRRLKNALLDGKASNPEQTAEEEQETATWT,0,835
MMSASRLAGTLIPAMAFLSCVRPESWEPCVEVVPNITYQCMELNFYKIPDNLPFSTKNLDLSFNPLRHLGSYSFFSFPELQVLDLSRCEIQTIEDGAYQSLSHLSTLILTGNPIQSLALGAFSGLSSLQKLVAVETNLASLENFPIGHLKTLKELNVAHNLIQSFKLPEYFSNLTNLEHLDLSSNKIQSIYCTDLRVLHQMPLLNLSLDLSLNPMNFIQPGAFKEIRLHKLTLRNNFDSLNVMKTCIQGLAGLEVHRLVLGEFRNEGNLEKFDKSALEGLCNLTIEEFRLAYLDYYLDDIIDLFNCLTNVSSFSLVSVTIKSVKDFSYNFGWQHLELVNCKFGQFPTLKLKSLKRLTFTSNKGGNAFSEVDLPSLEFLDLSRNGLSFKGCCSQSDFGTTSLKYLDLSFNGVITMSSNFLGLEQLEHLDFQHSNLKQMSEFSVFLSLRNLIYLDISHTHTRVAFNGIFNGLSSLEVLKMAGNSFQENFLPDIFTELRNLTFLDLSQCQLEQLSPTAFNSLSSLQVLNMSHNNFFSLDTFPYKCLNSLQVLDYSLNHIMTSKKQELQHFPSSLAFLNLTQNDFACTCEHQSFLQWIKDQRQLLVEVERMECATPSDKQGMPVLSLNITCQMNKTIIGVSVLSVLVVSVVAVLVYKFYFHLMLLAGCIKYGRGENIYDAFVIYSSQDEDWVRNELVKNLEEGVPPFQLCLHYRDFIPGVAIAANIIHEGFHKSRKVIVVVSQHFIQSRWCIFEYEIAQTWQFLSSRAGIIFIVLQKVEKTLLRRQVELYRLLSRNTYLEWEDSVLGRHIFWRRLRKALLDGKSWNPEGTVGTGCNWQEATSI,0,839
MTSALRLAGTLIPAMAFLSCVRPESWEPCVEVVPNITYQCMELNFYKIPDNIPFSTKNLDLSFNPLRHLGSYSFLRFPELQVLDLSRCEIQTIEDGAYQSLSHLSTLILTGNPIQSLALGAFSGLSSLQKLVAVETNLASLENFPIGHLKTLKELNVAHNLIQSFKLPEYFSNLTNLEHLDLSSNKIQNIYCKDLQVLHQMPLPNLSLDLSLNPINFIQPGAFKEIRLHKLTLRSNFDDLNVMKTCIQGLAGLEVHRLVLGEFRNERNLEEFDKSALEGLCNLTIEEFRLTYLDYYLDNIIDLFNCLANASSFSLVSVNIKRVEDFSYNFRWQHLELVNCKFEQFPTLELESLKRLTFTANKGGNAFSEVDLPSLEFLDLSRNGLSFKGCCSQSDFGTTSLKYLDLSFNDVITMGSNFLGLEQLEHLDFQHSNLKQMSQFSVFLSLRNLIYLDISHTHTTVAFNGIFDGLLSLKVLKMAGNSFQENFLPDIFTDLKNLTFLDLSQCQLEQLSPTAFDTLNKLQVLNMSHNNFFSLDVFPYKCLPSLQVLDYSLNHIMTSKNQEPQHFPSSLAFLNLTQNDFACTCEHQSFLQWIKDQRQLLVEAERMECATPSDKQGMPVLSVNITCQMNKTIIGVSVFSVLVVSVVAVLVYKFYFHLMLLAGCIKYGRGENIYDAFVIYSSQDEDWVRNELVKNLEEGVPPFQLCLHYRDFIPGVAIAANIIHEGFHKSRKVIVVVSQHFIQSRWCIFEYEIAQTWQFLSSRAGIIFIVLQKVEKTLLRQQVELYRLLSRNTYLEWEDSVLGQHIFWRRLRKALLDGRSWNPEEQ,0,826
MMPLLHLAGTLIMALFLSCLRPGSLNPCIEVLPNITYQCMDQNLSKIPHDIPYSTKNLDLSFNPLKILRSYSFTNFSQLQWLDLSRCEIETIEDKAWHGLNQLSTLVLTGNPIKSFSPGSFSGLTNLENLVAVETKMTSLEGFHIGQLISLKKLNVAHNLIHSFKLPEYFSNLTNLEHVDLSYNYIQTISVKDLQFLRENPQVNLSLDLSLNPIDSIQAQAFQGIRLHELTLRSNFNSSNVLKMCLQNMTGLHVHRLILGEFKNERNLESFDRSVMEGLCNVSIDEFRLTYINHFSDDIYNLNCLANISAMSFTGVHIKHIADVPRHFKWQSLSIIRCHLKPFPKLSLPFLKSWTLTTNREDISFGQLALPSLRYLDLSRNAMSFRGCCSYSDFGTNNLKYLDLSFNGVILMSANFMGLEELEYLDFQHSTLKKVTEFSVFLSLEKLLYLDISYTNTKIDFDGIFLGLISLNTLKMAGNSFKDNTLSNVFTNTTNLTFLDLSKCQLEQISRGVFDTLYRLQLLNMSHNNLLFLDPSHYKQLYSLRTLDCSFNRIETSKGILQHFPKSLAVFNLTNNSVACICEYQNFLQWVKDQKMFLVNVEQMKCASPIDMKASLVLDFTNSTCYIYKTIISVSVVSVLVVATVAFLIYHFYFHLILIAGCKKYSRGESIYDAFVIYSSQNEDWVRNELVKNLEEGVPRFQLCLHYRDFIPGVAIAANIIQEGFHKSRKVIVVVSRHFIQSRWCIFEYEIAQTWQFLSSRSGIIFIVLEKVEKSLLRQQVELYRLLSRNTYLEWEDNALGRHIFWRRLKKALLDGKALNPDETSEEEQEATTLT,0,835
MACQLDLLIGVIFMASPVLVISPCSSDGRIAFFRGCNLTQIPWILNTTTERLLLSFNYISMVVATSFPLLERLQLLELGTQYANLTIGPGAFRNLPNLRILDLGQSQIEVLNRDAFQGLPHLLELRLFSCGLSSAVLSDGYFRNLYSLARLDLSGNQIHSLRLHSSFRELNSLSDVNFAFNQIFTICEDELEPLQGKTLSFFGLKLTKLFSRVSVGWETCRNPFRGVRLETLDLSENGWTVDITRNFSNIIQGSQISSLILKHHIMGPGFGFQNIRDPDQSTFASLARSSVLQLDLSHGFIFSLNPRLFGTLKDLKMLNLAFNKINKIGENAFYGLDSLQVLNLSYNLLGELYNSNFYGLPRVAYVDLQRNHIGIIQDQTFRLLKTLQTLDLRDNALKAIGFIPSIQMVLLGGNKLVHLPHIHFTANFLELSENRLENLSDLYFLLRVPQLQFLILNQNRLSSCKAAHTPSENPSLEQLFLTENMLQLAWETGLCWDVFQGLSRLQILYLSNNYLNFLPPGIFNDLVALRMLSLSANKLTVLSPGSLPANLEILDISRNQLLCPDPALFSSLRVLDITHNEFVCNCELSTFISWLNQTNVTLFGSPADVYCMYPNSLLGGSLYNISTEDCDEEEAMRSLKFSLFILCTVTLTLFLVITLVVIKFRGICFLCYKTIQKLVFKDKVWSLEPGAYRYDAYFCFSSKDFEWAQNALLKHLDAHYSSRNRLRLCFEERDFIPGENHISNIQAAVWGSRKTVCLVSRHFLKDGWCLEAFRYAQSRSLSDLKSILIVVVVGSLSQYQLMRHETIRGFLQKQQYLRWPEDLQDVGWFLDKLSGCILKEEKGKKRSSSIQLRTIATIS,0,859
MSQDRKPIVGSFHFVCALALIVGSMTPFSNELESMVDYSNRNLTHVPKDLPPRTKALSLSQNSISELRMPDISFLSELRVLRLSHNRIRSLDFHVFLFNQDLEYLDVSHNRLQNISCCPMASLRHLDLSFNDFDVLPVCKEFGNLTKLTFLGLSAAKFRQLDLLPVAHLHLSCILLDLVSYHIKGGETESLQIPNTTVLHLVFHPNSLFSVQVNMSVNALGHLQLSNIKLNDENCQRLMTFLSELTRGPTLLNVTLQHIETTWKCSVKLFQFFWPRPVEYLNIYNLTITERIDREEFTYSETALKSLMIEHVKNQVFLFSKEALYSVFAEMNIKMLSISDTPFIHMVCPPSPSSFTFLNFTQNVFTDSVFQGCSTLKRLQTLILQRNGLKNFFKVALMTKNMSSLETLDVSLNSLNSHAYDRTCAWAESILVLNLSSNMLTGSVFRCLPPKVKVLDLHNNRIMSIPKDVTHLQALQELNVASNSLTDLPGCGAFSSLSVLVIDHNSVSHPSEDFFQSCQNIRSLTAGNNPFQCTCELRDFVKNIGWVAREVVEGWPDSYRCDYPESSKGTALRDFHMSPLSCDTVLLTVTIGATMLVLAVTGAFLCLYFDLPWYVRMLCQWTQTRHRARHIPLEELQRNLQFHAFVSYSEHDSAWVKNELLPNLEKDDIRVCLHERNFVPGKSIVENIINFIEKSYKAIFVLSPHFIQSEWCHYELYFAHHNLFHEGSDNLILILLEPILQNNIPSRYHKLRALMAQRTYLEWPTEKGKRGLFWANLRASFIMKLALVNEDDVKT,0,795
MVFSMWTRKRQILIFLNMLLVSRVFGFRWFPKTLPCEVKVNIPEAHVIVDCTDKHLTEIPEGIPTNTTNLTLTINHIPSISPDSFRRLNHLEEIDLRCNCVPVLLGSKANVCTKRLQIRPGSFSGLSDLKALYLDGNQLLEIPQDLPSSLHLLSLEANNIFSITKENLTELVNIETLYLGQNCYYRNPCNVSYSIEKDAFLVMRNLKVLSLKDNNVTAVPTTLPPNLLELYLYNNIIKKIQENDFNNLNELQVLDLSGNCPRCYNVPYPCTPCENNSPLQIHDNAFNSLTELKVLRLHSNSLQHVPPTWFKNMRNLQELDLSQNYLAREIEEAKFLHFLPNLVELDFSFNYELQVYHASITLPHSLSSLENLKILRVKGYVFKELKNSSLSVLHKLPRLEVLDLGTNFIKIADLNIFKHFENLKLIDLSVNKISPSEESREVGFCPNAQTSVDRHGPQVLEALHYFRYDEYARSCRFKNKEPPSFLPLNADCHIYGQTLDLSRNNIFFIKPSDFQHLSFLKCLNLSGNTIGQTLNGSELWPLRELRYLDFSNNRLDLLYSTAFEELQSLEVLDLSSNSHYFQAEGITHMLNFTKKLRLLDKLMMNDNDISTSASRTMESDSLRILEFRGNHLDVLWRAGDNRYLDFFKNLFNLEVLDISRNSLNSLPPEVFEGMPPNLKNLSLAKNGLKSFFWDRLQLLKHLEILDLSHNQLTKVPERLANCSKSLTTLILKHNQIRQLTKYFLEDALQLRYLDISSNKIQVIQKTSFPENVLNNLEMLVLHHNRFLCNCDAVWFVWWVNHTDVTIPYLATDVTCVGPGAHKGQSVISLDLYTCELDLTNLILFSVSISSVLFLMVVMTTSHLFFWDMWYIYYFWKAKIKGYQHLQSMESCYDAFIVYDTKNSAVTEWVLQELVAKLEDPREKHFNLCLEERDWLPGQPVLENLSQSIQLSKKTVFVMTQKYAKTESFKMAFYLSHQRLLDEKVDVIILIFLEKPLQKSKFLQLRKRLCRSSVLEWPANPQAHPYFWQCLKNALTTDNHVAYSQMFKETV,0,1050
MENMPPQSWILTCFCLLSSGTSAIFHKANYSRSYPCDEIRHNSLVIAECNHRQLHEVPQTIGKYVTNIDLSDNAITHITKESFQKLQNLTKIDLNHNAKQQHPNENKNGMNITEGALLSLRNLTVLLLEDNQLYTIPAGLPESLKELSLIQNNIFQVTKNNTFGLRNLERLYLGWNCYFKCNQTFKVEDGAFKNLIHLKVLSLSFNNLFYVPPKLPSSLRKLFLSNAKIMNITQEDFKGLENLTLLDLSGNCPRCYNAPFPCTPCKENSSIHIHPLAFQSLTQLLYLNLSSTSLRTIPSTWFENLSNLKELHLEFNYLVQEIASGAFLTKLPSLQILDLSFNFQYKEYLQFINISSNFSKLRSLKKLHLRGYVFRELKKKHFEHLQSLPNLATINLGINFIEKIDFKAFQNFSKLDVIYLSGNRIASVLDGTDYSSWRNRLRKPLSTDDDEFDPHVNFYHSTKPLIKPQCTAYGKALDLSLNNIFIIGKSQFEGFQDIACLNLSFNANTQVFNGTEFSSMPHIKYLDLTNNRLDFDDNNAFSDLHDLEVLDLSHNAHYFSIAGVTHRLGFIQNLINLRVLNLSHNGIYTLTEESELKSISLKELVFSGNRLDHLWNANDGKYWSIFKSLQNLIRLDLSYNNLQQIPNGAFLNLPQSLQELLISGNKLRFFNWTLLQYFPHLHLLDLSRNELYFLPNCLSKFAHSLETLLLSHNHFSHLPSGFLSEARNLVHLDLSFNTIKMINKSSLQTKMKTNLSILELHGNYFDCTCDISDFRSWLDENLNITIPKLVNVICSNPGDQKSKSIMSLDLTTCVSDTTAAVLFFLTFLTTSMVMLAALVHHLFYWDVWFIYHMCSAKLKGYRTSSTSQTFYDAYISYDTKDASVTDWVINELRYHLEESEDKSVLLCLEERDWDPGLPIIDNLMQSINQSKKTIFVLTKKYAKSWNFKTAFYLALQRLMDENMDVIIFILLEPVLQYSQYLRLRQRICKSSILQWPNNPKAENLFWQSLKNVVLTENDSRYDDLYIDSIRQY,0,1032
MVLRRRTLHPLSLLVQAAVLAETLALGTLPAFLPCELKPHGLVDCNWLFLKSVPRFSAAASCSNITRLSLISNRIHHLHNSDFVHLSNLRQLNLKWNCPPTGLSPLHFSCHMTIEPRTFLAMRTLEELNLSYNGITTVPRLPSSLVNLSLSHTNILVLDANSLAGLYSLRVLFMDGNCYYKNPCTGAVKVTPGALLGLSNLTHLSLKYNNLTKVPRQLPPSLEYLLVSYNLIVKLGPEDLANLTSLRVLDVGGNCRRCDHAPNPCIECGQKSLHLHPETFHHLSHLEGLVLKDSSLHTLNSSWFQGLVNLSVLDLSENFLYESINHTNAFQNLTRLRKLNLSFNYRKKVSFARLHLASSFKNLVSLQELNMNGIFFRSLNKYTLRWLADLPKLHTLHLQMNFINQAQLSIFGTFRALRFVDLSDNRISGPSTLSEATPEEADDAEQEELLSADPHPAPLSTPASKNFMDRCKNFKFTMDLSRNNLVTIKPEMFVNLSRLQCLSLSHNSIAQAVNGSQFLPLTNLQVLDLSHNKLDLYHWKSFSELPQLQALDLSYNSQPFSMKGIGHNFSFVAHLSMLHSLSLAHNDIHTRVSSHLNSNSVRFLDFSGNGMGRMWDEGGLYLHFFQGLSGLLKLDLSQNNLHILRPQNLDNLPKSLKLLSLRDNYLSFFNWTSLSFLPNLEVLDLAGNQLKALTNGTLPNGTLLQKLDVSSNSIVSVVPAFFALAVELKEVNLSHNILKTVDRSWFGPIVMNLTVLDVRSNPLHCACGAAFVDLLLEVQTKVPGLANGVKCGSPGQLQGRSIFAQDLRLCLDEVLSWDCFGLSLLAVAVGMVVPILHHLCGWDVWYCFHLCLAWLPLLARSRRSAQALPYDAFVVFDKAQSAVADWVYNELRVRLEERRGRRALRLCLEDRDWLPGQTLFENLWASIYGSRKTLFVLAHTDRVSGLLRTSFLLAQQRLLEDRKDVVVLVILRPDAHRSRYVRLRQRLCRQSVLFWPQQPNGQGGFWAQLSTALTRDNRHFYNQNFCRGPTAE,0,1032
MTSIFHFAIIFMLILQIRIQLSEESEFLVDRSKNGLIHVPKDLSQKTTILNISQNYISELWTSDILSLSKLRILIISHNRIQYLDISVFKFNQELEYLDLSHNKLVKISCHPTVNLKHLDLSFNAFDALPICKEFGNMSQLKFLGLSTTHLEKSSVLPIAHLNISKVLLVLGETYGEKEDPEGLQDFNTESLHIVFPTNKEFHFILDVSVKTVANLELSNIKCVLEDNKCSYFLSILAKLQTNPKLSSLTLNNIETTWNSFIRILQLVWHTTVWYFSISNVKLQGQLDFRDFDYSGTSLKALSIHQVVSDVFGFPQSYIYEIFSNMNIKNFTVSGTRMVHMLCPSKISPFLHLDFSNNLLTDTVFENCGHLTELETLILQMNQLKELSKIAEMTTQMKSLQQLDISQNSVSYDEKKGDCSWTKSLLSLNMSSNILTDTIFRCLPPRIKVLDLHSNKIKSIPKQVVKLEALQELNVAFNSLTDLPGCGSFSSLSVLIIDHNSVSHPSADFFQSCQKMRSIKAGDNPFQCTCELGEFVKNIDQVSSEVLEGWPDSYKCDYPESYRGTLLKDFHMSELSCNITLLIVTIVATMLVLAVTVTSLCIYLDLPWYLRMVCQWTQTRRRARNIPLEELQRNLQFHAFISYSGHDSFWVKNELLPNLEKEGMQICLHERNFVPGKSIVENIITCIEKSYKSIFVLSPNFVQSEWCHYELYFAHHNLFHEGSNSLILILLEPIPQYSIPSSYHKLKSLMARRTYLEWPKEKSKRGLFWANLRAAINIKLTEQAKK,0,786
MPHTLWMVWVLGVIISLSKEESSNQASLSCDRNGICKGSSGSLNSIPSGLTEAVKSLDLSNNRITYISNSDLQRCVNLQALVLTSNGINTIEEDSFSSLGSLEHLDLSYNYLSNLSSSWFKPLSSLTFLNLLGNPYKTLGETSLFSHLTKLQILRVGNMDTFTKIQRKDFAGLTFLEELEIDASDLQSYEPKSLKSIQNVSHLILHMKQHILLLEIFVDVTSSVECLELRDTDLDTFHFSELSTGETNSLIKKFTFRNVKITDESLFQVMKLLNQISGLLELEFDDCTLNGVGNFRASDNDRVIDPGKVETLTIRRLHIPRFYLFYDLSTLYSLTERVKRITVENSKVFLVPCLLSQHLKSLEYLDLSENLMVEEYLKNSACEDAWPSLQTLILRQNHLASLEKTGETLLTLKNLTNIDISKNSFHSMPETCQWPEKMKYLNLSSTRIHSVTGCIPKTLEILDVSNNNLNLFSLNLPQLKELYISRNKLMTLPDASLLPMLLVLKISRNAITTFSKEQLDSFHTLKTLEAGGNNFICSCEFLSFTQEQQALAKVLIDWPANYLCDSPSHVRGQQVQDVRLSVSECHRTALVSGMCCALFLLILLTGVLCHRFHGLWYMKMMWAWLQAKRKPRKAPSRNICYDAFVSYSERDAYWVENLMVQELENFNPPFKLCLHKRDFIPGKWIIDNIIDSIEKSHKTVFVLSENFVKSEWCKYELDFSHFRLFDENNDAAILILLEPIEKKAIPQRFCKLRKIMNTKTYLEWPMDEAQREGFWVNLRAAIKS,0,784
MRQTLPCIYFWGGLLPFGMLCASSTTKCTVSHEVADCSHLKLTQVPDDLPTNITVLNLTHNQLRRLPAANFTRYSQLTSLDVGFNTISKLEPELCQKLPMLKVLNLQHNELSQLSDKTFAFCTNLTELHLMSNSIQKIKNNPFVKQKNLITLDLSHNGLSSTKLGTQVQLENLQELLLSNNKIQALKSEELDIFANSSLKKLELSSNQIKEFSPGCFHAIGRLFGLFLNNVQLGPSLTEKLCLELANTSIRNLSLSNSQLSTTSNTTFLGLKWTNLTMLDLSYNNLNVVGNDSFAWLPQLEYFFLEYNNIQHLFSHSLHGLFNVRYLNLKRSFTKQSISLASLPKIDDFSFQWLKCLEHLNMEDNDIPGIKSNMFTGLINLKYLSLSNSFTSLRTLTNETFVSLAHSPLHILNLTKNKISKIESDAFSWLGHLEVLDLGLNEIGQELTGQEWRGLENIFEIYLSYNKYLQLTRNSFALVPSLQRLMLRRVALKNVDSSPSPFQPLRNLTILDLSNNNIANINDDMLEGLEKLEILDLQHNNLARLWKHANPGGPIYFLKGLSHLHILNLESNGFDEIPVEVFKDLFELKIIDLGLNNLNTLPASVFNNQVSLKSLNLQKNLITSVEKKVFGPAFRNLTELDMRFNPFDCTCESIAWFVNWINETHTNIPELSSHYLCNTPPHYHGFPVRLFDTSSCKDSAPFELFFMINTSILLIFIFIVLLIHFEGWRISFYWNVSVHRVLGFKEIDRQTEQFEYAAYIIHAYKDKDWVWEHFSSMEKEDQSLKFCLEERDFEAGVFELEAIVNSIKRSRKIIFVITHHLLKDPLCKRFKVHHAVQQAIEQNLDSIILVFLEEIPDYKLNHALCLRRGMFKSHCILNWPVQKERIGAFRHKLQVALGSKNSVH,0,904
MMSASRLAGTLIPAMAFLSCVRPESWEPCVEVVPNITYQCMELNFYKIPDNLPFSTKNLDLSFNPLRHLGSYSFFSFPELQVLDLSRCEIQTIEDGAYQSLSHLSTLILTGNPIQSLALGAFSGLSSLQKLVAVETNLASLENFPIGHLKTLKELNVAHNLIQSFKLPEYFSNLTNLEHLDLSSNKIQSIYCTDLRVLHQMPLLNLSLDLSLNPMNFIQPGAFKEIRLHKLTLRNNFDSLNVMKTCIQGLAGLEVHRLVLGEFRNEGNLEKFDKSALEGLCNLTIEEFRLAYLDYYLDDIIDLFNCLTNVSSFSLVSVTIERVKDFSYNFGWQHLELVNCKFGQFPTLKLKSLKRLTFTSNKGGNAFSEVDLPSLEFLDLSRNGLSFKGCCSQSDFGTTSLKYLDLSFNGVITMSSNFLGLEQLEHLDFQHSNLKQMSEFSVFLSLRNLIYLDISHTHTRVAFNGIFNGLSSLEVLKMAGNSFQENFLPDIFTELRNLTFLDLSQCQLEQLSPTAFNSLSSLQVLNMSHNNFFSLDTFPYKCLNSLQVLDYSLNHIMTSKKQELQHFPSSLAFLNLTQNDFACTCEHQSFLQWIKDQRQLLVEVERMECATPSDKQGMPVLSLNITCQMNKTIIGVSVLSVLVVSVVAVLVYKFYFHLMLLAGCIKYGRGENIYDAFVIYSSQDEDWVRNELVKNLEEGVPPFQLCLHYRDFIPGVAIAANIIHEGFHKSRKVIVVVSQHFIQSRWCIFEYEIAQTWQFLSSRAGIIFIVLQKVEKTLLRQQVELYRLLSRNTYLEWEDSVLGRHIFWRRLRKALLDGKSWNPEGTVGTGCNWQEATSI,0,839
MKPRAFRLRSLSPSPRFHCFLLNAAVLSRRCEIQTIEDGAYQSLSHLSTLILTGNPIQSLALGAFSGLSSLQKLVAVETNLASLENFPIGHLKTLKELNVAHNLIQSFKLPEYFSNLTNLEHLDLSSNKIQSIYCTDLRVLHQMPLLNLSLDLSLNPMNFIQPGAFKEIRLHKLTLRNNFDSLNVMKTCIQGLAGLEVHRLVLGEFRNEGNLEKFDKSALEGLCNLTIEEFRLAYLDYYLDDIIDLFNCLTNVSSFSLVSVTIERVKDFSYNFGWQHLELVNCKFGQFPTLKLKSLKRLTFTSNKGGNAFSEVDLPSLEFLDLSRNGLSFKGCCSQSDFGTTSLKYLDLSFNGVITMSSNFLGLEQLEHLDFQHSNLKQMSEFSVFLSLRNLIYLDISHTHTRVAFNGIFNGLSSLEVLKMAGNSFQENFLPDIFTELRNLTFLDLSQCQLEQLSPTAFNSLSSLQVLNMSHNNFFSLDTFPYKCLNSLQVLDYSLNHIMTSKKQELQHFPSSLAFLNLTQNDFACTCEHQSFLQWIKDQRQLLVEVERMECATPSDKQGMPVLSLNITCQMNKTIIGVSVLSVLVVSVVAVLVYKFYFHLMLLAGCIKYGRGENIYDAFVIYSSQDEDWVRNELVKNLEEGVPPFQLCLHYRDFIPGVAIAANIIHEGFHKSRKVIVVVSQHFIQSRWCIFEYEIAQTWQFLSSRAGIIFIVLQKVEKTLLRQQVELYRLLSRNTYLEWEDSVLGRHIFWRRLRKALLDGKSWNPEGTVGTGCNWQEATSI,0,782
MELNFYKIPDNLPFSTKNLDLSFNPLRHLGSYSFFSFPELQVLDLSRCEIQTIEDGAYQSLSHLSTLILTGNPIQSLALGAFSGLSSLQKLVAVETNLASLENFPIGHLKTLKELNVAHNLIQSFKLPEYFSNLTNLEHLDLSSNKIQSIYCTDLRVLHQMPLLNLSLDLSLNPMNFIQPGAFKEIRLHKLTLRNNFDSLNVMKTCIQGLAGLEVHRLVLGEFRNEGNLEKFDKSALEGLCNLTIEEFRLAYLDYYLDDIIDLFNCLTNVSSFSLVSVTIERVKDFSYNFGWQHLELVNCKFGQFPTLKLKSLKRLTFTSNKGGNAFSEVDLPSLEFLDLSRNGLSFKGCCSQSDFGTTSLKYLDLSFNGVITMSSNFLGLEQLEHLDFQHSNLKQMSEFSVFLSLRNLIYLDISHTHTRVAFNGIFNGLSSLEVLKMAGNSFQENFLPDIFTELRNLTFLDLSQCQLEQLSPTAFNSLSSLQVLNMSHNNFFSLDTFPYKCLNSLQVLDYSLNHIMTSKKQELQHFPSSLAFLNLTQNDFACTCEHQSFLQWIKDQRQLLVEVERMECATPSDKQGMPVLSLNITCQMNKTIIGVSVLSVLVVSVVAVLVYKFYFHLMLLAGCIKYGRGENIYDAFVIYSSQDEDWVRNELVKNLEEGVPPFQLCLHYRDFIPGVAIAANIIHEGFHKSRKVIVVVSQHFIQSRWCIFEYEIAQTWQFLSSRAGIIFIVLQKVEKTLLRQQVELYRLLSRNTYLEWEDSVLGRHIFWRRLRKALLDGKSWNPEGTVGTGCNWQEATSI,0,799
MPLLNLSLDLSLNPMNFIQPGAFKEIRLHKLTLRNNFDSLNVMKTCIQGLAGLEVHRLVLGEFRNEGNLEKFDKSALEGLCNLTIEEFRLAYLDYYLDDIIDLFNCLTNVSSFSLVSVTIERVKDFSYNFGWQHLELVNCKFGQFPTLKLKSLKRLTFTSNKGGNAFSEVDLPSLEFLDLSRNGLSFKGCCSQSDFGTTSLKYLDLSFNGVITMSSNFLGLEQLEHLDFQHSNLKQMSEFSVFLSLRNLIYLDISHTHTRVAFNGIFNGLSSLEVLKMAGNSFQENFLPDIFTELRNLTFLDLSQCQLEQLSPTAFNSLSSLQVLNMSHNNFFSLDTFPYKCLNSLQVLDYSLNHIMTSKKQELQHFPSSLAFLNLTQNDFACTCEHQSFLQWIKDQRQLLVEVERMECATPSDKQGMPVLSLNITCQMNKTIIGVSVLSVLVVSVVAVLVYKFYFHLMLLAGCIKYGRGENIYDAFVIYSSQDEDWVRNELVKNLEEGVPPFQLCLHYRDFIPGVAIAANIIHEGFHKSRKVIVVVSQHFIQSRWCIFEYEIAQTWQFLSSRAGIIFIVLQKVEKTLLRQQVELYRLLSRNTYLEWEDSVLGRHIFWRRLRKALLDGKSWNPEGTVGTGCNWQEATSI,0,639
MGDHLDLLLGVVLMAGPVFGIPSCSFDGRIAFYRFCNLTQVPQVLNTTERLLLSFNYIRTVTASSFPFLEQLQLLELGSQYTPLTIDKEAFRNLPNLRILDLGSSKIYFLHPDAFQGLFHLFELRLYFCGLSDAVLKDGYFRNLKALTRLDLSKNQIRSLYLHPSFGKLNSLKSIDFSSNQIFLVCEHELEPLQGKTLSFFSLAANSLYSRVSVDWGKCMNPFRNMVLEILDVSGNGWTVDITGNFSNAISKSQAFSLILAHHIMGAGFGFHNIKDPDQNTFAGLARSSVRHLDLSHGFVFSLNSRVFETLKDLKVLNLAYNKINKIADEAFYGLDNLQVLNLSYNLLGELYSSNFYGLPKVAYIDLQKNHIAIIQDQTFKFLEKLQTLDLRDNALTTIHFIPSIPDIFLSGNKLVTLPKINLTANLIHLSENRLENLDILYFLLRVPHLQILILNQNRFSSCSGDQTPSENPSLEQLFLGENMLQLAWETELCWDVFEGLSHLQVLYLNHNYLNSLPPGVFSHLTALRGLSLNSNRLTVLSHNDLPANLEILDISRNQLLAPNPDVFVSLSVLDITHNKFICECELSTFINWLNHTNVTIAGPPADIYCVYPDSFSGVSLFSLSTEGCDEEEVLKSLKFSLFIVCTVTLTLFLMTILTVTKFRGFCFICYKTAQRLVFKDHPQGTEPDMYKYDAYLCFSSKDFTWVQNALLKHLDTQYSDQNRFNLCFEERDFVPGENRIANIQDAIWNSRKIVCLVSRHFLRDGWCLEAFSYAQGRCLSDLNSALIMVVVGSLSQYQLMKHQSIRGFVQKQQYLRWPEDLQDVGWFLHKLSQQILKKEKEKKKDNNIPLQTVATIS,0,858
MTKDKEPIVKSFHFVCLMIIIVGTRIQFSDGNEFAVDKSKRGLIHVPKDLPLKTKVLDMSQNYIAELQVSDMSFLSELTVLRLSHNRIQLLDLSVFKFNQDLEYLDLSHNQLQKISCHPIVSFRHLDLSFNDFKALPICKEFGNLSQLNFLGLSAMKLQKLDLLPIAHLHLSYILLDLRNYYIKENETESLQILNAKTLHLVFHPTSLFAIQVNISVNTLGCLQLTNIKLNDDNCQVFIKFLSELTRGSTLLNFTLNHIETTWKCLVRVFQFLWPKPVEYLNIYNLTIIESIREEDFTYSKTTLKALTIEHITNQVFLFSQTALYTVFSEMNIMMLTISDTPFIHMLCPHAPSTFKFLNFTQNVFTDSIFEKCSTLVKLETLILQKNGLKDLFKVGLMTKDMPSLEILDVSWNSLESGRHKENCTWVESIVVLNLSSNMLTDSVFRCLPPRIKVLDLHSNKIKSVPKQVVKLEALQELNVAFNSLTDLPGCGSFSSLSVLIIDHNSVSHPSADFFQSCQKMRSIKAGDNPFQCTCELREFVKNIDQVSSEVLEGWPDSYKCDYPESYRGSPLKDFHMSELSCNITLLIVTIGATMLVLAVTVTSLCIYLDLPWYLRMVCQWTQTRRRARNIPLEELQRNLQFHAFISYSEHDSAWVKSELVPYLEKEDIQICLHERNFVPGKSIVENIINCIEKSYKSIFVLSPNFVQSEWCHYELYFAHHNLFHEGSNNLILILLEPIPQNSIPNKYHKLKALMTQRTYLQWPKEKSKRGLFWANIRAAFNMKLTLVTENNDVKS,0,796
MVFPMWTLKRQILILFNIILISKLLGARWFPKTLPCDVTLDVPKNHVIVDCTDKHLTEIPGGIPTNTTNLTLTINHIPDISPASFHRLDHLVEIDFRCNCVPIPLGSKNNMCIKRLQIKPRSFSGLTYLKSLYLDGNQLLEIPQGLPPSLQLLSLEANNIFSIRKENLTELANIEILYLGQNCYYRNPCYVSYSIEKDAFLNLTKLKVLSLKDNNVTAVPTVLPSTLTELYLYNNMIAKIQEDDFNNLNQLQILDLSGNCPRCYNAPFPCAPCKNNSPLQIPVNAFDALTELKVLRLHSNSLQHVPPRWFKNINKLQELDLSQNFLAKEIGDAKFLHFLPSLIQLDLSFNFELQVYRASMNLSQAFSSLKSLKILRIRGYVFKELKSFNLSPLHNLQNLEVLDLGTNFIKIANLSMFKQFKRLKVIDLSVNKISPSGDSSEVGFCSNARTSVESYEPQVLEQLHYFRYDKYARSCRFKNKEASFMSVNESCYKYGQTLDLSKNSIFFVKSSDFQHLSFLKCLNLSGNLISQTLNGSEFQPLAELRYLDFSNNRLDLLHSTAFEELHKLEVLDISSNSHYFQSEGITHMLNFTKNLKVLQKLMMNDNDISSSTSRTMESESLRTLEFRGNHLDVLWREGDNRYLQLFKNLLKLEELDISKNSLSFLPSGVFDGMPPNLKNLSLAKNGLKSFSWKKLQCLKNLETLDLSHNQLTTVPERLSNCSRSLKNLILKNNQIRSLTKYFLQDAFQLRYLDLSSNKIQMIQKTSFPENVLNNLKMLLLHHNRFLCTCDAVWFVWWVNHTEVTIPYLATDVTCVGPGAHKGQSVISLDLYTCELDLTNLILFSLSISVSLFLMVMMTASHLYFWDVWYIYHFCKAKIKGYQRLISPDCCYDAFIVYDTKDPAVTEWVLAELVAKLEDPREKHFNLCLEERDWLPGQPVLENLSQSIQLSKKTVFVMTDKYAKTENFKIAFYLSHQRLMDEKVDVIILIFLEKPFQKSKFLQLRKRLCGSSVLEWPTNPQAHYCLKNALATDNHVAYSQVFKETV,0,1045
MKESSLQNSSCSLGKETKKENMFLQSSMLTCIFLLISGSCELCAEENFSRSYPCDEKKQNDSVIAECSNRRLQEVPQTVGKYVTELDLSDNFITHITNESFQGLQNLTKINLNHNPNVQHQNGNPGIQSNGLNITDGAFLNLKNLRELLLEDNQLPQIPSGLPESLTELSLIQNNIYNITKEGISRLINLKNLYLAWNCYFNKVCEKTNIEDGVFETLTNLELLSLSFNSLSHVPPKLPSSLRKLFLSNTQIKYISEEDFKGLINLTLLDLSGNCPRCFNAPFPCVPCDGGASINIDRFAFQNLTQLRYLNLSSTSLRKINAAWFKNMPHLKVLDLEFNYLVGEIASGAFLTMLPRLEILDLSFNYIKGSYPQHINISRNFSKLLSLRALHLRGYVFQELREDDFQPLMQLPNLSTINLGINFIKQIDFKLFQNFSNLEIIYLSENRISPLVKDTRQSYANSSSFQRHIRKRRSTDFEFDPHSNFYHFTRPLIKPQCAAYGKALDLSLNSIFFIGPNQFENLPDIACLNLSANSNAQVLSGTEFSAIPHVKYLDLTNNRLDFDNASALTELSDLEVLDLSYNSHYFRIAGVTHHLEFIQNFTNLKVLNLSHNNIYTLTDKYNLESKSLVELVFSGNRLDILWNDDDNRYISIFKGLKNLTRLDLSLNRLKHIPNEAFLNLPASLTELHINDNMLKFFNWTLLQQFPRLELLDLRGNKLLFLTDSLSDFTSSLRTLLLSHNRISHLPSGFLSEVSSLKHLDLSSNLLKTINKSALETKTTTKLSMLELHGNPFECTCDIGDFRRWMDEHLNVKIPRLVDVICASPGDQRGKSIVSLELTTCVSDVTAVILFFFTFFITTMVMLAALAHHLFYWDVWFIYNVCLAKVKGYRSLSTSQTFYDAYISYDTKDASVTDWVINELRYHLEESRDKNVLLCLEERDWDPGLAIIDNLMQSINQSKKTVFVLTKKYAKSWNFKTAFYLALQRLMDENMDVIIFILLEPVLQHSQYLRLRQRICKSSILQWPAEGLFWQTLRNVVLTENDSRYNNMYVDSIKQY,0,1055
MENMFLQSSMLTCIFLLISGSCELCAEENFSRSYPCDEKKQNDSVIAECSNRRLQEVPQTVGKYVTELDLSDNFITHITNESFQGLQNLTKINLNHNPNVQHQNGNPGIQSNGLNITDGAFLNLKNLRELLLEDNQLPQIPSGLPESLTELSLIQNNIYNITKEGISRLINLKNLYLAWNCYFNKVCEKTNIEDGVFETLTNLELLSLSFNSLSHVPPKLPSSLRKLFLSNTQIKYISEEDFKGLINLTLLDLSGNCPRCFNAPFPCVPCDGGASINIDRFAFQNLTQLRYLNLSSTSLRKINAAWFKNMPHLKVLDLEFNYLVGEIASGAFLTMLPRLEILDLSFNYIKGSYPQHINISRNFSKLLSLRALHLRGYVFQELREDDFQPLMQLPNLSTINLGINFIKQIDFKLFQNFSNLEIIYLSENRISPLVKDTRQSYANSSSFQRHIRKRRSTDFEFDPHSNFYHFTRPLIKPQCAAYGKALDLSLNSIFFIGPNQFENLPDIACLNLSANSNAQVLSGTEFSAIPHVKYLDLTNNRLDFDNASALTELSDLEVLDLSYNSHYFRIAGVTHHLEFIQNFTNLKVLNLSHNNIYTLTDKYNLESKSLVELVFSGNRLDILWNDDDNRYISIFKGLKNLTRLDLSLNRLKHIPNEAFLNLPASLTELHINDNMLKFFNWTLLQQFPRLELLDLRGNKLLFLTDSLSDFTSSLRTLLLSHNRISHLPSGFLSEVSSLKHLDLSSNLLKTINKSALETKTTTKLSMLELHGNPFECTCDIGDFRRWMDEHLNVKIPRLVDVICASPGDQRGKSIVSLELTTCVSDVTAVILFFFTFFITTMVMLAALAHHLFYWDVWFIYNVCLAKVKGYRSLSTSQTFYDAYISYDTKDASVTDWVINELRYHLEESRDKNVLLCLEERDWDPGLAIIDNLMQSINQSKKTVFVLTKKYAKSWNFKTAFYLALQRLMDENMDVIIFILLEPVLQHSQYLRLRQRICKSSILQWPDNPKAEGLFWQTLRNVVLTENDSRYNNMYVDSIKQY,0,1041
MGFCRSALHPLSLLVQAIMLAMTLALGTLPAFLPCELQPHGLVNCNWLFLKSVPHFSMAAPRGNVTSLSLSSNRIHHLHDSDFAHLPSLRHLNLKWNCPPVGLSPMHFPCHMTIEPSTFLAVPTLEELNLSYNNIMTVPALPKSLISLSLSHTNILMLDSASLAGLHALRFLFMDGNCYYKNPCRQALEVAPGALLGLGNLTHLSLKYNNLTVVPRNLPSSLEYLLLSYNRIVKLAPEDLANLTALRVLDVGGNCRRCDHAPNPCMECPRHFPQLHPDTFSHLSRLEGLVLKDSSLSWLNASWFRGLGNLRVLDLSENFLYKCITKTKAFQGLTQLRKLNLSFNYQKRVSFAHLSLAPSFGSLVALKELDMHGIFFRSLDETTLRPLARLPMLQTLRLQMNFINQAQLGIFRAFPGLRYVDLSDNRISGASELTATMGEADGGEKVWLQPGDLAPAPVDTPSSEDFRPNCSTLNFTLDLSRNNLVTVQPEMFAQLSHLQCLRLSHNCISQAVNGSQFLPLTGLQVLDLSHNKLDLYHEHSFTELPRLEALDLSYNSQPFGMQGVGHNFSFVAHLRTLRHLSLAHNNIHSQVSQQLCSTSLRALDFSGNALGHMWAEGDLYLHFFQGLSGLIWLDLSQNRLHTLLPQTLRNLPKSLQVLRLRDNYLAFFKWWSLHFLPKLEVLDLAGNQLKALTNGSLPAGTRLRRLDVSCNSISFVAPGFFSKAKELRELNLSANALKTVDHSWFGPLASALQILDVSANPLHCACGAAFMDFLLEVQAAVPGLPSRVKCGSPGQLQGLSIFAQDLRLCLDEALSWDCFALSLLAVALGLGVPMLHHLCGWDLWYCFHLCLAWLPWRGRQSGRDEDALPYDAFVVFDKTQSAVADWVYNELRGQLEECRGRWALRLCLEERDWLPGKTLFENLWASVYGSRKTLFVLAHTDRVSGLLRASFLLAQQRLLEDRKDVVVLVILSPDGRRSRYVRLRQRLCRQSVLLWPHQPSGQRSFWAQLGMALTRDNHHFYNRNFCQGPTAE,0,1032
MAAPRGNVTSLSLSSNRIHHLHDSDFAHLPSLRHLNLKWNCPPVGLSPMHFPCHMTIEPSTFLAVPTLEELNLSYNNIMTVPALPKSLISLSLSHTNILMLDSASLAGLHALRFLFMDGNCYYKNPCRQALEVAPGALLGLGNLTHLSLKYNNLTVVPRNLPSSLEYLLLSYNRIVKLAPEDLANLTALRVLDVGGNCRRCDHAPNPCMECPRHFPQLHPDTFSHLSRLEGLVLKDSSLSWLNASWFRGLGNLRVLDLSENFLYKCITKTKAFQGLTQLRKLNLSFNYQKRVSFAHLSLAPSFGSLVALKELDMHGIFFRSLDETTLRPLARLPMLQTLRLQMNFINQAQLGIFRAFPGLRYVDLSDNRISGASELTATMGEADGGEKVWLQPGDLAPAPVDTPSSEDFRPNCSTLNFTLDLSRNNLVTVQPEMFAQLSHLQCLRLSHNCISQAVNGSQFLPLTGLQVLDLSHNKLDLYHEHSFTELPRLEALDLSYNSQPFGMQGVGHNFSFVAHLRTLRHLSLAHNNIHSQVSQQLCSTSLRALDFSGNALGHMWAEGDLYLHFFQGLSGLIWLDLSQNRLHTLLPQTLRNLPKSLQVLRLRDNYLAFFKWWSLHFLPKLEVLDLAGNQLKALTNGSLPAGTRLRRLDVSCNSISFVAPGFFSKAKELRELNLSANALKTVDHSWFGPLASALQILDVSANPLHCACGAAFMDFLLEVQAAVPGLPSRVKCGSPGQLQGLSIFAQDLRLCLDEALSWDCFALSLLAVALGLGVPMLHHLCGWDLWYCFHLCLAWLPWRGRQSGRDEDALPYDAFVVFDKTQSAVADWVYNELRGQLEECRGRWALRLCLEERDWLPGKTLFENLWASVYGSRKTLFVLAHTDRVSGLLRASFLLAQQRLLEDRKDVVVLVILSPDGRRSRYVRLRQRLCRQSVLLWPHQPSGQRSFWAQLGMALTRDNHHFYNRNFCQGPTAE,0,975
EHTYGEVNQLGGVFVNGRPLPNAIRLRIVELAQLGIRPCDISRQLRVSHGCVSKILARYNETGSILPGAIGGSKPRVTTPNVVKHIRDYKQGDPGIFAWEIRDRLLADGVCDKYNVPSVSSISRILRNKIGSLSQPGGPYDGGKQPPPQPALPYNPLYQYPYPGPMDPRAAKMGADPPGPVPAAHVGLPRSWPSAHSVTNILG,1,203
MEQTYGEVNQLGGVFVNGRPLPNAIRLRIVELAQLGIRPCDISRQLRVSHGCVSKILARYNETGSILPGAIGGSKPRVTTPNVVKHIRDYKQGDPGIFAWEIRDRLLADGVCDKYNVPSVSSISRILRNKIGSLAQPGPYEASKQPPSQPTLPYNHIYQYPYPSPVSPTGAKMGSHPGVPGTAGHVSIPRSWPSAHSVSNILGIRTFMEQTGALAGSEGTAYSPKMEDWAGVNRTAFPATPAVNGLEKPALEADIKYTQSASTLSAVGGFLPACAYPASNQHGVYSAPGGGYLAPGPPWPPAQGPPLAPPGAGVAVHGGELAAAMTFKHREGTDRKPPSSGSKAPDALSSLHGLPIPASTS,1,361
MEQTYGEVNQLGGVFVNGRPLPNAIRLRIVELAQLGIRPCDISRQLRVSHGCVSKILARYNETGSILPGAIGGSKPRVTTPNVVKHIRDYKQGDPGIFAWEIRDRLLADGVCDKYNVPSVSSISRILRNKIGSLAQPGPYEASKQPPPQPALPYNHIYQYPYPSPVSPTGTKMGTHPGVPGSAGHVSIPRSWPSAHSVSNILGIRTFMEQTGALAGSEGAAYSPKMEDWAGVNRAAFPTSPAVNGLEKPALEADIKYTQSASSLSAVGGFLPACAYPASNQHGVYSAPAAGYLSPGPPWPPAQAPPLTPHGAGVAVHGGELAAAMTFKHREGTDRKPPSPGGKATDALGSLHGLPIPASTS,1,361
MDIHCKADPFSAMHLSHIGHGGVNQLGGVFVNGRPLPDVVRQRIVELAHQGVRPCDISRQLRVSHGCVSKILGRYYETGSIKPGVIGGSKPKVATPKVVEKIAEYKRQNPTMFAWEIRDRLLAEGVCDNDTVPSVSSINRIIRTKVQQPFHPSSDGTGTPLSTAGHTIVPSTASPPVSSASNDPVGSYSINGILGIPRSNGEKRKRDDVLWSGNHLDGRKIGYHGSDGSGPNSDSQGSVESLRKHLRADAFTQQQLEALDRVFERPSYPDVFPTSEHIKPEQANEYSLPALNPGLDEVKPSLSTSVSSDLGSSVSQSYPVVTGREMASTTLPGYPPHVPPTGQGSYPTSTLAGMVPGSDFSGNPYSHPQYTTYNEAWRFSNPALLSSPYYYSAASRGSGPPTAATAYDRH,1,410
MDMHCKADPFSAMHPGHGGVNQLGGVFVNGRPLPDVVRQRIVELAHQGVRPCDISRQLRVSHGCVSKILGRYYETGSIKPGVIGGSKPKVATPKVVDKIAEYKRQNPTMFAWEIRDRLLAEGICDNDTVPSVSSINRIIRTKVQQPFHPTPDGAGTGVTAPGHTIVPSTASPPVSSASNDPVGSYSINGILGIPRSNGEKRKRDEVEVYTDPAHIRGGGGLHLVWTLRDVSEGSVPNGDSQSGVDSLRKHLRADTFTQQQLEALDRVFERPSYPDVFQASEHIKSEQGNEYSLPALTPGLDEVKSSLSASTNPELGSNVSGTQTYPVVTGRDMASTTLPGYPPHVPPTGQGSYPTSTLAGMVPGSEFSGNPYSHPQYTAYNEAWRFSNPALLSSPYYYSAAPRSAPAARAAAYDRH,1,416
MDMHCKADPFSAMHRHGGVNQLGGVFVNGRPLPDVVRQRIVELAHQGVRPCDISRQLRVSHGCVSKILGRYYETGSIKPGVIGGSKPKVATPKVVDKIAEYKRQNPTMFAWEIRDRLLAEGICDNDTVPSVSSINRIIRTKVQQPFHPTPDGAGTGVTAPGHTIVPSTASPPVSSASNDPVGSYSINGILGIPRSNGEKRKREEVEVYTDPAHIRGGGGLHLVWTLRDVSEGSVPNGDSQSGVDSLRKHLRADTFTQQQLEALDRVFERPSYPDVFQASEHIKSEQGNEYSLPALTPGLDEVKSSLSASANPELGSNVSGTQTYPVVTGRDMTSTTLPGYPPHLPPTGQGSYPTSTLAGMVPGSEFSGNPYSHPQYTAYNEAWRFSNPALLSSPYYYSAAPRSAPAARAAAYDRH,1,415
MTTLAGAVPRMMRPGPGQNYPRSGFPLEVSTPLGQGRVNQLGGVFINGRPLPNHIRHKIVEMAHHGIRPCVISRQLRVSHGCVSKILCRYQETGSIRPGAIGGSKPKQVTTPDVEKKIEEYKRENPGMFSWEIRDKLLKDAVCDRNTVPSVSSISRILRSKFGKGEEEEADLERKEAEESEKKAKHSIDGILSERASAPQSDEGSDIDSEPDLPLKRKQRRSRTTFTAEQLEELERAFERTHYPDIYTREELAQRAKLTEARVQVWFSNRRARWRKQAGANQLMAFNHLIPGGFPPTAMPTLPTYQLSETSYQPTSIPQAVSDPSSTVHRPQPLPPSTVHQSTIPSNPDSSSAYCLPSTRHGFSSYTDSFVPPSGPSNPMNPTIGNGLSPQVMGLLTNHGGVPHQPQTDYALSPLTGGLEPTTTVSASCSQRLDHMKSLDSLPTSQSYCPPTYSTTGYSMDPVTGYQYGQYGQSKPWTF,1,479
MTTLAGAVPRMMRPGPGQNYPRSGFPLEVSTPLGQGRVNQLGGVFINGRPLPNHIRHKIVEMAHHGIRPCVISRQLRVSHGCVSKILCRYQETGSIRPGAIGGSKPKQVTTPDVEKKIEEYKRENPGMFSWEIRDKLLKDAVCDRNTVPSVSSISRILRSKFGKGEEEEADLERKEAEESEKKAKHSIDGILSERASAPQSDEGSDIDSEPDLPLKRKQRRSRTTFTAEQLEELERAFERTHYPDIYTREELAQRAKLTEARVQVWFSNRRARWRKQAGANQLMAFNHLIPGGFPPTAMPTLPTYQLSEHSYQPTSIPQAVSDPSSTVHRPQPLPPSTVHQSTIPSNADSSSAYCLPSTRHGFSSYTDSFVPPSGPSNPMNPTIGNGLSPQVMGLLTNHGGVPHQPQTDYALSPLTGGLEPTTTVSASCSQRLEHMKNVDSLPTSQPYCPPTYSTAGYSMDPVTGYQYGQYGQSKPWTF,1,479
MQQDGLSSVNQLGGLFVNGRPLPLDTRQQIVQLAIRGMRPCDISRSLKVSNGCVSKILGRYYRTGVLEPKCIGGSKPRLATPAVVARIAQLKDEYPALFAWEIQHQLCTEGLCTQDKAPSVSSINRVLRALQEDQSLHWTQLRSPAVLAPVLPSPHSNCGAPRGPHPGTSHRNRTIFSPGQAEALEKEFQRGQYPDSVARGKLAAATSLPEDTVRVWFSNRRAKWRRQEKLKWEAQLPGASQDLTVPKNSPGIISAQQSPGSVPSAALPVLEPLSPSFCQLCCGTAPGRCSSDTSSQAYLQPYWDCQSLLPVASSSYVEFAWPCLTTHPVHHLIGGPGQVPSTHCSNWPMQQDGLSSVNQLGGLFVNGRPLPLDTRQQIVQLAIRGMRPCDISRSLKVSNGCVSKILGR,1,409
YYRTGVLEPKGIGGSKPRLATPAVVARIAQLKDEYPALFAWEIQRQLCAEGLCTQDKAPSVSSINRVLRALQEDQRLHWTQLRSPAVLAPALPSPHSNCEAPRGPHPGTSHRNRTIFSPGQAEALEKEFQRGQYPDSVVRGKLAAATSLPEDTVRVWFSNRRAKWRRQEKLKWETQMPGASQDLMVPKDSPGIISAQQSPGSVPSAALPVLEQLNPSFCQLCWGAVPDRCSSDTTSQACLQPYWECHSLLPVASSSYMEFAWPCLTTHPVHHLIGGPGQAPSTYYLHWP,1,289
MDLEKNYPTPRTSRTGHGGVNQLGGVFVNGRPLPDVVRQRIVELAHQGVRPCDISRQLRVSHGCVSKILGRYYETGSIKPGVIGGSKPKVATPKVVEKIAEYKRQNPTMFAWEIRDRLLAERVCDNDTVPSVSSINRIIRTKVQQPPNQPVPASSHSIVSTGSVTQVSSVSTDSAGSSYSISGILGITSPSADTNKRKRDEGIQESPVPNGHSLPGRDFLRKQMRGDLFTQQQLEVLDRVFERQHYSDIFTTTEPIKPEQTTEYSAMASLAGGLDDMKANLASPTPADIGSSVPGPQSYPIVTGRDLASTTLPGYPPHVPPAGQGSYSAPTLTGMVPGSEFSGSPYSHPQYSSYNDSWRFPNPGLLGSPYYYSAAARGAAPPAAATAYDRH,1,391
MDLEKNYPTPRTIRTGHGGVNQLGGVFVNGRPLPDVVRQRIVELAHQGVRPCDISRQLRVSHGCVSKILGRYYETGSIKPGVIGGSKPKVATPKVVEKIAEYKRQNPTMFAWEIRDRLLAERVCDNDTVPSVSSINRIIRTKVQQPPNQPVPASSHSIVSTGSVTQVSSVSTDSAGSSYSISGILGITSPSADTNKRKRDEGIQESPVPNGHSLPGRDFLRKQMRGDLFTQQQLEVLDRVFERQHYSDIFTTTEPIKPEQTTEYSAMASLAGGLDDMKANLTSPTPADIGSSVPGPQSYPIVTGRDLASTTLPGYPPHVPPAGQGSYSAPTLTGMVPGSEFSGSPYSHPQYSSYNDSWRFPNPGLLGSPYYYSPAARGAAPPAAATAYDRH,1,391
MWRVLFLLSGLGGLRMDSNFDSLPVQITVPEKIRSIIKEGIESQASYKIVIEGKPYTVNLMQKNFLPHNFRVYSYSGTGIMKPLDQDFQNFCHYQGYIEGYPKSVVMVSTCTGLRGVLQFENVSYGIEPLESSVGFEHVIYQVKHKKADVSLYNEKDIESRDLSFKLQSVEPQQDFAKYIEMHVIVEKQLYNHMGSDTTVVAQKVFQLIGLTNAIFVSFNITIILSSLELWIDENKIATTGEANELLHTFLRWKTSYLVLRPHDVAFLLVYREKSNYVGATFQGKMCHANYAGGVVLHPRTISLESLAVILAQLLSLSMGTTYDDINKCQCSGAVCIMNPEAIHFSGVKIFSNCSFEDFAHFISKQKSQCLHNQPRLDPFFKQQAVCGNAKLEAGEECDCGTEQDCALIGETCCDIATCRFKAGSNCAEGPCCENCLFMSKERMCRPSFEECDLPEYCNGSSASCPENHYVQTGHPCGLNQWICIDGVCMSGDKQCTDTFGKEVEFGPSECYSHLNSKTDVSGNCGISDSGYTQCEADNLQCGKLICKYVGKFLLQIPRATIIYANISGHLCIAVEFASDHADSQKMWIKDGTSCGSNKVCRNQRCVSSSYLGYDCTTDKCNDRGVCNNKKHCHCSASYLPPDCSVQSDLWPGGSIDSGNFPPVAIPARLPERRYIENIYHSKPMRWPFFLFIPFFIIFCVLIAIMVKVNFQRKKWRTEDYSSDEQPESESEPKG,1,735
MLPGCIFLMILLIPQVKEKFILGVEGQQLVRPKKLPLIQKRDTGHTHDDDILKTYEEELLYEIKLNRKTLVLHLLRSREFLGSNYSETFYSMKGGAFTRHPQIMDHCFYQGSIVHEYDSAASISTCNGLRGFFRINDQRYLIEPVKYSDEGEHLVFKYNLRVPYGANYSCTELNFTRKTVPGDNESEEDSKIKGIHDEKYVELFIVADDTVYRRNGHPHNKLRNRIWGMVNFVNMIYKTLNIHVTLVGIEIWTHEDKIELYSNIETTLLRFSFWQEKILKTRKDFDHVVLLSGKWLYSHVQGISYPGGMCLPYYSTSIIKDLLPDTNIIANRMAHQLGHNLGMQHDEFPCTCPSGKCVMDSDGSIPALKFSKCSQNQYHQYLKDYKPTCMLNIPFPYNFHDFQFCGNKKLDEGEECDCGPAQECTNPCCDAHTCVLKPGFTCAEGECCESCQIKKAGSICRPAKDECDFPEMCTGHSPACPKDQFRVNGFPCKNSEGYCFMGKCPTREDQCSELFDDDAIESHDICYKMNTKGNKFGYCKNKENRFLPCEEKDVRCGKIYCTGGELSSLLGEDKTYHLKDPQKNATVKCKTIFLYHDSTDIGLVASGTKCGEGMVCNNGECLNMEKVYISTNCPSQCNENPVDGHGLQCHCEEGQAPVACEETLHVTNITILVVVLVLVIVGIGVLILLVRYRKCIKLKQVQSPPTETLGVENKGYFGDEQQIRTEPILPEIHFLNKPASKDSRGIADPNQSAK,1,754
MLPGCIFLMILLILQVKEKVILGVEGQQLVYPKKLPLMQKRDIGHTHDDDIEETYEEELMYEIKLNRKTLVLHLLRSREFLGSNYSETFYSMKGEAFTRHLQIMDHCFYQGSIVHEYDSAASISTCNGLRGFFRVNDQRYLIEPVKYSDEGEHLVFKYNPRVPYVANYSCTELNFTRKTVPGDTESEGDPKMKAIHNEKYIELFIVADDTVYRRNSHPHNKLRNRIWGMVNFVNMIYKTLNIHVTLVGIEIWTHEDKIELHSNIETTLLRFSSWQERILKTRKDFDHVVLLSGKWIYTHVQGISYPAGMCLPYYSTSIIKDLLPDTNIIANRMAHQLGHNLGMQHDEFPCTCPSGKCVMDSDGSIPALKFSKCSQNQYHQYLKDYKPTCMLNIPFPCNFDDFQFCGNKKLDEGEECDCGPPQECTNPCCDAHTCVLKPGFTCAEGECCESCQIKKAGSICRPAEDECDFPEMCTGHSPACPKDQFRVNGFPCKNSEGYCFMGKCPTRRDQCSELFDDEATESHDICYKMNTKGNKFGYCKNKENRFLPCEEKDVRCGKIYCTGGELSYLLGEDKTYHLKDPQQNATVKCKTIFLYHDSTDIGLVASGTKCGDGMVCNNGECLNMEKVYNSTNCPSQCHENPMDDHGLQCHCEEGQAPVAWEETLNVTNVAILIVVLVLVIVGIGVLILLIRYQKCIKLKQVQSPPIETLGVENKGYFGDEQQMRTEPILPEIHFLNQRTPESLESLPTSFSSPHYITLKPASKDSRGIADPNQSAK,1,776
MFPTGIFLMTVLISHIQERGIVGVEGQQLVHPKKLPLLHKRDLERIHDSDIPEEYEEELLYEIKLGKKTLILHLLKAREFLSSNYSETYYNVKREVFTKHPQILDHCFYQGSIIHEFDSAASISTCNGLRGFFRVNDQRYLIEPVKYSDDGEHLMYKYNVKAPYATNHSCVGLNFTKKSALIDVENIEEHNAEDHHKEKFIELFVVADEYVYRRNNKPQNKLRNGIWGMVNFVNMIYKTLNIHVTLAGFEIWLAGDKIEIVSNLESTLLHFSTWQETVLKKRKDFDHVILLSGKWLYTSMQGIAYPGGICQILRSCSVVKDLLPDVNIIGNRMAHQLGHSLGMQHDGFPCTCPLGKCVMGDGSIPAIKFSKCSQTQYQQFLQDQKPACILNNPFPEKFNDYPFCGNKKVDEGEKCDCGPVQECTNPCCDAHKCVLKPGFTCVEGECCESCQMKKEGAVCRLAKNECDISEVCTGYSPECPKDEFQANGFPCRNGKGYCFMGLCPTRNEQCSELFIGGAEESHSLCYRMNKKGNRFGYCKNKGNTFVPCEEKDLKCGKIYCSGGRPSSRLGENKTYNLKNVKQNVTIKCRTMFLHHNSRDMGLVNSGTKCGDGMVCSNGECIEMEKAYNSTICSSPCDENDVDDNEPECQCEEGSIITEWGEALNLTSVSIMVIVLVMVIGVGLVILLIRYQKCIKMKQVQSSPREIRGVENKGYFPEEHQTRSEPILTDIHPLHTTAESLERVPSSFSSPHYITLKSVSKDSRGIADPKQTDNVNLNLDTQSGCERLG,1,788
MFPTGIFLMSVLISQMQGRGIVGVEGQELVHPKKLSLLQKRDLERIHDSDTPEEYEEELLYEIKLGRKTLTLHLLKAREFLALNYSETYYNIKREMVTRHPQILDHCFYQGSIIHEFDSAASISTCNGLRGFFRVNDQRYLIEPVKYSDEGDHLVFKYNVKAPYATNYSCEGLNFTKKSTLIDAKIIEEHKVEDYHKEKFIELFVVADEFVYRRNSKPQNKLRKRIWGMVNFVNMIYKALNIRVTLTGMEIWSAGDEIEIVSNLESTLLHFSTWQETVLKKRKDFDHVILLSGKWLYTSMQGIAYPGGICQTLRSCSVVKDLLPDVNIIGNRMAHQLGHSLGMRHDDFPCTCPLGKCVMGAGSIPAIKFSKCSQTQYQQFLKNQKPACILNNPLPEEFNDYPFCGNKKVDEGEECDCGPVQECTNPCCDAHKCVLKPGFTCVEGECCESCQMKKEGVICRPAKNECDISEVCTGYSPECPKDESQANGFPCKNGEGYCFMGLCPTRDDQCAELFSGGAEESHSLCYRMNQKGNRFGYCKNKDNTFVPCEEKDLKCGKIYCTGGRRSAHLGEDKTYNLKNVKQNISIKCKTMFLYHNSRDMGLVNSGTKCGEGMVCSNGECIEMEKAYNSTICSSLCDENDVDDNEPDCQCEEGPIITEWGEALNLTSVSIMVVVLVMVIIGVGLVILLIRYQKCIKMKQVQSSSREIRGIENKVYFPDEHQTRSEPIFTDIYPLHNTAESLERVPSTFSSPHYITLKSVSKDPRGIADPKQNDNMNLNLDSQSDCTRLG,1,789
MRGLGLWLLGAMMLPAIAPSRPWALMEQYEVVLPRRLPGPRVRRALPSHLGLHPERVSYVLGATGHNFTLHLRKNRDLLGSGYTETYTAANGSEVTEQPRGQDHCLYQGHVEGYPDSAASLSTCAGLRGFFQVGSDLHLIEPLDEGGEGGRHAVYQAEHLLQTAGTCGVSDDSLGSLLGPRTAAVFRPRPGDSLPSRETRYVELYVVVDNAEFQMLGSEAAVRHRVLEVVNHVDKLYQKLNFRVVLVGLEIWNSQDRFHVSPDPSVTLENLLTWQARQRTRRHLHDNVQLITGVDFTGTTVGFARVSAMCSHSSGAVNQDHSKNPVGVACTMAHEMGHNLGMDHDENVQGCRCQERFEAGRCIMAGSIGSSFPRMFSDCSQAYLESFLERPQSVCLANAPDLSHLVGGPVCGNLFVERGEQCDCGPPEDCRNRCCNSTTCQLAEGAQCAHGTCCQECKVKPAGELCRPKKDMCDLEEFCDGRHPECPEDAFQENGTPCSGGYCYNGACPTLAQQCQAFWGPGGQAAEESCFSYDILPGCKASRYRADMCGVLQCKGGQQPLGRAICIVDVCHALTTEDGTAYEPVPEGTRCGPEKVCWKGRCQDLHVYRSSNCSAQCHNHGVCNHKQECHCHAGWAPPHCAKLLTEVHAASGSLPVLVVVVLVLLAVVLVTLAGIIVYRKARSRILSRNVAPKTTMGRSNPLFHQAASRVPAKGGAPAPSRGPQELVPTTHPGQPARHPASSVALKRPPPAPPVTVSSPPFPVPVYTRQAPKQVIKPTFAPPVPPVKPGAGAANPGPAEGAVGPKVALKPPIQRKQGAGAPTAP,1,824
MLGLWLLSVLWTPAVAPGPPLPHVKQYEVVWPRRLAASRSRRALPSHWGQYPESLSYALGTSGHVFTLHLRKNRDLLGSSYTETYSAANGSEVTEQLQEQDHCLYQGHVEGYEGSAASISTCAGLRGFFRVGSTVHLIEPLDADEEGQHAMYQAKHLQQKAGTCGVKDTNLNDLGPRALEIYRAQPRNWLIPRETRYVELYVVADSQEFQKLGSREAVRQRVLEVVNHVDKLYQELSFRVVLVGLEIWNKDKFYISRYANVTLENFLSWREQNLQGQHPHDNVQLITGVDFIGSTVGLAKVSALCSRHSGAVNQDHSKNSIGVASTMAHELGHNLGMSHDEDIPGCYCPEPREGGGCIMTESIGSKFPRIFSRCSKIDLESFVTKPQTGCLTNVPDVNRFVGGPVCGNLFVEHGEQCDCGTPQDCQNPCCNATTCQLVKGAECASGTCCHECKVKPAGEVCRLSKDKCDLEEFCDGRKPTCPEDAFQQNGTPCPGGYCFDGSCPTLAQQCRDLWGPGARVAADSCYTFSIPPGCNGRMYSGRINRCGALYCEGGQKPLERSFCTFSSNHGVCHALGTGSNIDTFELVLQGTKCEEGKVCMDGSCQDLRVYRSENCSAKCNNHGVCNHKRECHCHKGWAPPNCVQRLADVSDEQAASTSLPVSVVVVLVILVAAMVIVAGIVIYRKAPRQIQRRSVAPKPISGLSNPLFYTRDSSLPAKNRPPDPSETVSTNQPPRPIVKPKRPPPAPPGAVSSSPLPVPVYAPKIPNQFRPDPPTKPLPELKPKQVKPTFAPPTPPVKPGTGGTVPGATQGAGEPKVALKVPIQKR,1,826
MRLLRRWAFAALLLSLLPTPGLGTQGPAGALRWGGLPQLGGPGAPEVTEPSRLVRESSGGEVRKQQLDTRVRQEPPGGPPVHLAQVSFVIPAFNSNFTLDLELNHQLLSSQYVERHFSREGTTQHSTGAGDHCYYQGKLRGNPHSFAALSTCQGLHGVFSDGNLTYIVEPQEVAGPWGAPQGPLPHLIYRTPLLPDPLGCREPGCLFAVPAQSAPPNRPRLRRKRQVRRGHPTVHSETKYVELIVINDHQLFEQMRQSVVLTSNFAKSVVNLADVIYKEQLNTRIVLVAMETWADGDKIQVQDDLLETLARLMVYRREGLPEPSDATHLFSGRTFQSTSSGAAYVGGICSLSHGGGVNEYGNMGAMAVTLAQTLGQNLGMMWNKHRSSAGDCKCPDIWLGCIMEDTGFYLPRKFSRCSIDEYNQFLQEGGGSCLFNKPLKLLDPPECGNGFVEAGEECDCGSVQECSRAGGNCCKKCTLTHDAMCSDGLCCRRCKYEPRGVSCREAVNECDIAETCTGDSSQCPPNLHKLDGYYCDHEQGRCYGGRCKTRDRQCQVLWGHAAADRFCYEKLNVEGTERGSCGRKGSGWVQCSKQDVLCGFLLCVNISGAPRLGDLVGDISSVTFYHQGKELDCRGGHVQLADGSDLSYVEDGTACGPNMLCLDHRCLPASAFNFSTCPGSGERRICSHHGVCSNEGKCICQPDWTGKDCSIHNPLPTSPPTGETERYKGPSGTNIIIGSIAGAVLVAAIVLGGTGWGFKNIRRGRSGGA,1,769
MRRLRRWAIAALLLLPLLPPPGLGALGPRGALHWRSSAHVGSPESPEGSEVTEPSRLVRQSSGGEVRKPQLDTRVRQDPPRGTPVHLAQVSFVIPAFDSNFTLDLELNHHLLSSQYVERHFSREGTRQHSTGAGDHCYYHGKLRGNPQSFAALSTCQGLHGVFSDGNLTYIVEPKEIAGPRGPPQGPLPHLIYRTPLLPAPLGCREPGCLFAVPAQSTLPNWPKLRRKRQVRRGHPTVHSETKYVELIVINDHQLFEQMRQSVVLTSNFAKSVVNLADVIYKEQLNTRIVLVAMETWADGDKIQVQDDLLETLARLMVYRREGLPEPSDATHLFSGRTFKSTSSGAAYVGGICSLSRGGGVNEYGNMGAMAVTLAQTLGQNLGMMWNKHRSSAGDCKCPDIWLGCIMEDTGFYLPRKFSRCSIDEYNQFLQEGGGSCLFNKPLKLLDPPECGNGFVEAGEECDCGSVQECSRAGGNCCKKCTLTHDAMCSDGLCCRRCKYEPRGVSCREAVNECDIAETCTGDSSQCPPNLHKLDGYYCDHEQGRCYGGRCKTRDRQCQALWGHAAADRFCYEKLNVEGTERGNCGRKGSGWVQCSKQDVLCGFLLCVNISGAPRLGDLGGDISSVTFYHQGKELDCRGGHVQLADGSDLSYVEDGTACGPNMLCLDHRCLPASAFNFSTCPGSGERRICSHHGVCSNEGKCICQPDWTGKDCSIHNPLPTSPPTGETERYKGPSGTNIIIGSIAGAVLVAAIVLGGTGWGFKNIRRGRSGGA,1,773
RRHHSPLLVSLIGGQTFKSSHSGAAYFGGICSPTHGGGVNEYGNIGAMAITLAQTLGQNLGMMWNKPRTTTGDCKCPDLWRGCIMEDTGFYLPQKFSRCSVDEYSKFLQDGGGSCLFNKPLKLLDPPSCGNGFIEIGEECDCGSPAECNKSRAGNCCKKCTLSHDAMCSDGLCCRGCKYEPRGTVCRESLNECDVPEACPGDSSACPANLHKQDGYFCDNEQGRCFGGRCKTRDRQCHALWGRGASDRFCYEKLNIEGTEKGNCGRDRQNWIQCSKQDVLCGYLLCSNISGIPQIGELNGDITSMSFYHQNRYLDCRGGQVTLPDGSCLGYVEDGTPCGPNMICLDRRCLPASAFNFSTCPGSWNGVICSDHGVCSNEGKCICHPEWTGKDCSVYDPLPVPKPTGVVEKYKGPSGTNIIIGSIAGAVLIAAIVLGGTGWGFKNIRRGRSGGG,1,452
MAARPLPVSPARALLLALAGALLAPCEARGVSLWNQGRADEVVSASVRSGDLWIPVKSFDSKNHPEVLNIRLQRESKELIINLERNEGLIASSFTETHYLQDGTDVSLARNYTVILGHCYYHGHVRGYSDSAVSLSTCSGLRGLIVFENESYVLEPMKSATNRYKLFPAKKLKSVRGSCGSHHNTPNLAAKNVFPPPSQTWARRHKRETLKATKYVELVIVADNREFQRQGKDLEKVKQRLIEIANHVDKFYRPLNIRIVLVGVEVWNDMDKCSVSQDPFTSLHEFLDWRKMKLLPRKSHDNAQLVSGVYFQGTTIGMAPIMSMCTADQSGGIVMDHSDNPLGAAVTLAHELGHNFGMNHDTLDRGCSCQMAVEKGGCIMNASTGYPFPMVFSSCSRKDLETSLEKGMGVCLFNLPEVRESFGGQKCGNRFVEEGEECDCGEPEECMNRCCNATTCTLKPDAVCAHGLCCEDCQLKPAGTACRDSSNSCDLPEFCTGASPHCPANVYLHDGHSCQDVDGYCYNGICQTHEQQCVTLWGPGAKPAPGICFERVNSAGDPYGNCGKVSKSSFAKCEMRDAKCGKIQCQGGASRPVIGTNAVSIETNIPLQQGGRILCRGTHVYLGDDMPDPGLVLAGTKCADGKICLNRQCQNISVFGVHECAMQCHGRGVCNNRKNCHCEAHWAPPFCDKFGFGGSTDSGPIRQADNQGLTIGILVTILCLLAAGFVVYLKRKTLIRLLFTNKKTTIEKLRCVRPSRPPRGFQPCQAHLGHLGKGLMRKPPDSYPPKDNPRRLLQCQNVDISRPLNGLNVPQPQSTQRVLPPLHRAPRAPSVPARPLPAKPALRQAQGTCKPNPPQKPLPADPLARTTRLTHALARTPGQWETGLRLAPLRPAPQYPHQVPRSTHTAYIK,1,909
MAERPARRAPPARALLLALAGALLAPRAARGMSLWDQRGAYEVARASLLSKDPGIPGQSIPAKDHPDVLTVQLQLESRDLILSLERNEGLIANGFTETHYLQDGTDVSLTRNHTDHCYYHGHVQGDAASVVSLSTCSDLRGLIMFENKTYSLEPMKNTTDSYKLVPAESMTNIQGLCGSQHNKSNLTMEDVSPGTSQMRARRHKRETLKMTKYVELVIVADNREFQRQGKDLEKVKQRLIEIANHVDKFYRPLNIRIVLVGVEVWNDIDKCSISQDPFTRLHEFLDWRKIKLLPRKSHDNAQLISGVYFQGTTIGMAPIMSMCTAEQSGGVVMDHSDSPLGAAVTLAHELGHNFGMNHDTLERGCSCRMAAEKGGCIMNPSTGFPFPMVFSSCSRKDLEASLEKGMGMCLFNLPEVKQAFGGRKCGNGYVEEGEECDCGEPEECTNRCCNATTCTLKPDAVCAHGQCCEDCQLKPPGTACRGSSNSCDLPEFCTGTAPHCPANVYLHDGHPCQGVDGYCYNGICQTHEQQCVTLWGPGAKPAPGICFERVNSAGDPYGNCGKDSKSAFAKCELRDAKCGKIQCQGGASRPVIGTNAVSIETNIPQQEGGRILCRGTHVYLGDDMPDPGLVLAGTKCAEGKICLNRRCQNISVFGVHKCAMQCHGRGVCNNRKNCHCEAHWAPPFCDKFGFGGSTDSGPIRQADNQGLTVGILVSILCLLAAGFVVYLKRKTLMRLLFTHKKTTMEKLRCVHPSRTPSGPHLGQAHHTPGKGLLMNRAPHFNTPKDRHSLKCQNMDISRPLDARAVPQLQSPQRVLLPLHQTPRAPSGPARPLPASPAVRQAQGIRKPSPPQKPLPADPLSRTSRLTSALVRTPGQQEPGHRPAPIRPAPKHQVPRPSHNAYIK,1,903
MRLALLWALGLLGAGSPLPSWPLPNIGGTEEQQAESEKAPREPLEPQVLQDDLPISLKKVLQTSLPEPLRIKLELDGDSHILELLQNRELVPGRPTLVWYQPDGTRVVSEGHTLENCCYQGRVRGYAGSWVSICTCSGLRGLVVLTPERSYTLEQGPGDLQGPPIISRIQDLHLPGHTCALSWRESVHTQTPPEHPLGQRHIRRRRDVVTETKTVELVIVADHSEAQKYRDFQHLLNRTLEVALLLDTFFRPLNVRVALVGLEAWTQRDLVEISPNPAVTLENFLHWRRAHLLPRLPHDSAQLVTGTSFSGPTVGMAIQNSICSPDFSGGVNMDHSTSILGVASSIAHELGHSLGLDHDLPGNSCPCPGPAPAKTCIMEASTDFLPGLNFSNCSRRALEKALLDGMGSCLFERLPSLPPMAAFCGNMFVEPGEQCDCGFLDDCVDPCCDSLTCQLRPGAQCASDGPCCQNCQLRPSGWQCRPTRGDCDLPEFCPGDSSQCPPDVSLGDGEPCAGGQAVCMHGRCASYAQQCQSLWGPGAQPAAPLCLQTANTRGNAFGSCGRNPSGSYVSCTPRDAICGQLQCQTGRTQPLLGSIRDLLWETIDVNGTELNCSWVHLDLGSDVAQPLLTLPGTACGPGLVCIDHRCQRVDLLGAQECRSKCHGHGVCDSNRHCYCEEGWAPPDCTTQLKATSSLTTGLLLSLLVLLVLVMLGAGYWYRARLHQRLCQLKGPTCQYRAAQSGPSERPGPPQRALLARGTKSQGPAKPPPPRKPLPADPQGRCPSGDLPGPGAGIPPLVVPSRPAPPPPTVSSLYL,1,814
MRLALLWALGLLGAGSPRPSPPLPNIGGTEEEQQASPERTLSGSMESRVVQDSPPMSLADVLQTGLPEALRISLELDSESHVLELLQNRDLIPGRPTLVWYQPDGTRMVSEGYSLENCCYRGRVQGHPSSWVSLCACSGIRGLIVLSPERGYTLELGPGDLQRPVISRIQDHLLLGHTCAPSWHASVPTRAGPDLLLEQHHAHRLKRDVVTETKIVELVIVADNSEVRKYPDFQQLLNRTLEAALLLDTFFQPLNVRVALVGLEAWTQHNLIEMSSNPAVLLDNFLRWRRTDLLPRLPHDSAQLVTVTSFSGPMVGMAIQNSICSPDFSGGVNMDHSTSILGVASSIAHELGHSLGLDHDSPGHSCPCPGPAPAKSCIMEASTDFLPGLNFSNCSRQALEKALLEGMGSCLFERQPSLAPMSSLCGNMFVDPGEQCDCGFPDECTDPCCDHFTCQLRPGAQCASDGPCCQNCKLHPAGWLCRPPTDDCDLPEFCPGDSSQCPSDIRLGDGEPCASGEAVCMHGRCASYARQCQSLWGPGAQPAAPLCLQTANTRGNAFGSCGRSPGGSYMPCAPRDVMCGQLQCQWGRSQPLLGSVQDRLSEVLEANGTQLNCSWVDLDLGNDVAQPLLALPGTACGPGLVCIGHRCQPVDLLGAQECRRKCHGHGVCDSSGHCRCEEGWAPPDCMTQLKATSSLTTGLLLSLLLLLVLVLLGASYWHRARLHQRLCQLKGSSCQYRAPQSCPPERPGPPQRAQQMTGTKSQGPTKPPPPRKPLPANPQGQHPPGDLPGPGDGSLPLVVPSRPAPPPPAASSLYL,1,815
MRLALLWALGLLGAGSPRPSPPLPNIGGTEEEQQASPERTQSRSLENQVVQDSPPINLTEVLQTGLPETLRIGLELDGENHILELQQNRDLVPGRPTLVWYQPDGTRMVSEGHSLENCCYRGRVQGRPSSWVSLCACSGIRGLVVLSPERSYTLELGPGDLQRPLIVSRIQDLLLPGHTCAPSWHAFVPTEAAPDLLLEQHHLRRLKRDVVTETKIVELVIVADNSEVRKYPDFQQLLNRTLEVALLLDTFFQPLNVRVALVGLEAWTQRDLIEMSSNPAVLLDNFLRWRRTDLLPRLPHDSAQLVTVTSFSGPMVGMAIQNSICSPDFSGGVNMDHSTSILGVASSIAHELGHSLGLDHDSPGNSCPCPGPAPAKSCIMEASTDFLPGLNFSNCSRWALEKALLDGMGSCLFEWPPSRAPMSSLCGNMFVDPGEQCDCGFPDECTDPCCDYFTCQLRPGAQCASDGPCCQNCKLQPAGWQCRLPTDDCDLPEFCLGDSSQCPPDIRLGDGEPCASGEAVCMHGRCASYTRQCQSLWGPGAQPAAPLCLQTANTRGNAFGSCGRSPSGSYMPCNLRDAICGQLQCQWGRNQPLLGSVQDQLSEVLEANGTQLNCSWVDLDLGNDVAQPLLALPGTACGPGLVCIGHRCQPVDLLGAQECRSKCHGHGVCDSSRHCHCDEGWAPPDCMTQLRATSSLTTGLLLSLLLLLVLVLLGASYWYRARLHQRLCQLKGSSCQYRAAQSGPPERPGPPQRAQQMPGTKPQGPTKPPPPRKPLPANPQGRPPLGDLPGPGDGSLQLVVPSRPAPPPPAASSLYL,1,816
MRQSLLFLTSVVPFVLAPRPPDDPGFGPHQRLEKLDSLLSDYDILSLSNIQQHSVRKRDLQTSTHVETLLTFSALKRHFKLYLTSSTERFSQNFKVVVVDGKNESEYTVKWQDFFTGHVVGEPDSRVLAHIRDDDVIIRINTDGAEYNIEPLWRFVNDTKDKRMLVYKSEDIKNVSRLQSPKVCGYLKVDNEELLPKGLVDREPPEELVHRVKRRADPDPMKNTCKLLVVADHRFYRYMGRGEESTTTNYLIELIDRVDDIYRNTSWDNAGFKGYGIQIEQIRILKSPQEVKPGEKHYNMAKSYPNEEKDAWDVKMLLEQFSFDIAEEASKVCLAHLFTYQDFDMGTLGLAYVGSPRANSHGGVCPKAYYSPVGKKNIYLNSGLTSTKNYGKTILTKEADLVTTHELGHNFGAEHDPDGLAECAPNEDQGGKYVMYPIAVSGDHENNKMFSNCSKQSIYKTIESKAQECFQERSNKVCGNSRVDEGEECDPGIMYLNNDTCCNSDCTLKEGVQCSDRNSPCCKNCQFETAQKKCQEAINATCKGVSYCTGNSSECPPPGNAEDDTVCLDLGKCKDGKCIPFCEREQQLESCACNETDNSCKVCCRDLSGRCVPYVDAEQKNLFLRKGKPCTVGFCDMNGKCEKRVQDVIERFWDFIDQLSINTFGKFLADNIVGSVLVFSLIFWIPFSILVHCVDKKLDKQYESLSLFHPSNVEMLSSMDSASVRIIKPFPAPQTPGRLQPAPVIPSAPAAPKLDHQRMDTIQEDPSTDSHMDEDGFEKDPFPNSSTAAKSFEDLTDHPVTRSEKAASFKLQRQNRVDSKETEC,1,824
MRRRLLILTTLVPFVLAPRPPEEAGSGAHPRLEKLDSLLSDYDILSLANIQQHSIRKRDLQSATHLETLLTFSALKRHFKLYLTSSTERFSQNLRVVVVDGKEESEYSVKWQDFFSGHVVGEPDSRVLAHIGDDDVTVRINTDGAEYNIEPLWRFVNDTKDKRMLVYKSEDIKDFSRLQSPKVCGYLNADSEELLPKGLIDREPSEEFVRRVKRRAEPNPLKNTCKLLVVADHRFYKYMGRGEESTTTNYLIELIDRVDDIYRNTSWDNAGFKGYGVQIEQIRILKSPQEVKPGERHFNMAKSFPNEEKDAWDVKMLLEQFSFDIAEEASKVCLAHLFTYQDFDMGTLGLAYVGSPRANSHGGVCPKAYYNPTVKKNIYLNSGLTSTKNYGKTILTKEADLVTTHELGHNFGAEHDPDGLAECAPNEDQGGKYVMYPIAVSGDHENNKMFSNCSKQSIYKTIESKAQECFQERSNKVCGNSRVDEGEECDPGIMYLNNDTCCNSDCTLKPGVQCSDRNSPCCKNCQFETAQKKCQEAINATCKGVSYCTGNSSECPPPGDAEDDTVCLDLGKCKAGKCIPFCKREQELESCACVDTDNSCKVCCRNLSGPCVPYVDAEQKNLFLRKGKPCTVGFCDMNGKCEKRVQDVIERFWDFIDQLSINTFGKFLADNIVGSVLVFSLIFWIPFSILVHCVDKKLDKQYESLSLFHHSNIEMLSSMDSASVRIIKPFPAPQTPGRLQALQPAAMMPPVSAAPKLDHQRMDTIQEDPSTDSHVDDDGFEKDPFPNSSTAAKSFEDLTDHPVTRSEKAASFKLQRQSRVDSKETEC,1,827
MRQRLLFLTTLVPFVLAPRPPEEPGSGSHLRLEKLDSLLSDYDILSLSNIQQHSIRKRDLQSATHLETLLTFSALKRHFKLYLTSSTERFSQNLRVVVVDGKEESEYSVKWQDFFSGHVVGEPDSRVLAHIGDDDVTVRINTDGAEYNIEPLWRFVNDTKDKRMLVYKSEDIKDFSRLQSPKVCGYLNADSEELLPKGLIDREPSEEFVRRVKRRAEPNPLKNTCKLLVVADHRFYKYMGRGEESTTTNYLIELIDRVDDIYRNTSWDNAGFKGYGVQIEQIRILKSPQEVKPGERHFNMAKSFPNEEKDAWDVKMLLEQFSLDIAEEASKVCLAHLFTYQDFDMGTLGLAYVGSPRANSHGGVCPKAYYNPGVKKNIYLNSGLTSTKNYGKTILTKEADLVTTHELGHNFGAEHDPDGLAECAPNEDQGGKYVMYPIAVSGDHENNKMFSNCSKQSIYKTIESKAQECFQERSNKVCGNSRVDEGEECDPGIMYLNNDTCCNSDCTLKPGVQCSDRNSPCCKNCQFETAQKKCQEAINATCKGVSYCTGNSSECPPPGDAEDDTVCLDLGKCKAGKCIPFCKREQELESCACADTDNSCKVCCRNLSGPCVPYVDAEQKNLFLRKGKPCTVGFCDMNGKCEKRVQDVIERFWDFIDQLSINTFGKFLADNIVGSVLVFSLIFWIPFSILVHCVDKKLDKQYESLSLFHHSNIEMLSSMDSASVRIIKPFPAPQTPGRLQALQPAAMMPPVSAAPKLDHQRMDTIQEDPSTDSHVDDDGFEKDPFPNSSAAAKSFEDLTDHPVTRSEKAASFKLQRQSRVDSKETEC,1,827
MFFLLALLTELGRLQAHVGSEGIFLHVTVPRKILSNDSEVSERKMIYIITIDGQPYTLHLRKQSFLPQNFLVYTYNEAGSLHSESPYFMMHCHYQGYAAEFPNSFVTLSICSGLRGFLQFENVSYGIEPLESSARFEHIIYQMKNNDPNVSILAENYSHIWQKDQSYKVPLNSQKKNLSKLLPQYLEIYIIVEKALYDYMGSEMMAVTQKIVQVIGLVNTMFTQFRLTVTLSSLELWSNENQISTSGDADDILQRFLAWKRDYLILRPHDIAYLLVYRKHPKYVGATFPGTICNESYDAGIAMYPDAIDLEGFSVIIAQLLGLNVGLTYDDITQCFCLRATCIMNHEAMSARGIKIFSNCSMHDYRYFVSKFEAKCLQKLSNLQPLHQNQPVCGNGILESNEECDCGNKKECQFKKCCDYNTCKLKGSVKCGSGPCCTSKCELSIVGTPCRKSVDPECDFTEYCNGTSSDCVPDTYALNGHLCKLGTAYCYNGQCQTTDNQCAKIFGKGAQGAPFACFKEVNSLHETSENCGFKNSQPLPCERKDVLCGKLACVQPHKNAYKSDIQYTVYSYIQDHVCVSIATGSSMRSDGTDNAYVADGTMCGPEMYCVNKTCRKVHLTGYNCNTTTKCKGKGICNNFGNCQCFPGHKPPDCKFQFGSPGGSIDDGNFQKSDEFYTEKGYNAHWNNWFILSFYIVLPFFIIFTIVIFKRNEIRKLCNRENTELIHPLYQKAMMWNINIAQNFRSK,1,746
MPLLFILAELAMLFARLDSEGICLHITVPQKIEPRKGGDAEGKVTYVITIDGKPYSLHLRNHSFLSQNFLVYTYNETGSLYSDSSHFLAHCHYRGYVDEVPNSIVTLSICSGLRGFLQLENVSYGIEPLESSARFEHIVYQVKSNSSMLAGNDSHVWQTDQLDKGHFNDQDKNHSQLLPQSLKLHIIVGKFLFDYMGSDIMAITQKIFQIIGLVNAMLTQLKLSVVLASLELWSDKNHISTDGNATDILQRLLDWKRDYLTLQSNEITHLLIYRRHPKYIGAASPGEICSKSYVAGVGMYPEDIGLEGFSVVITQLIGLHIGLTYDDNIRNCSCPSAPCIMQQGALSSSGKKTFSNCSLHDYMHYVSNFDTQCLGDLSNVHVLQPKQAVCGNGIMEAGEECDCGNETECQFKECCDHETCRLKGSAQCGSGACCMPTCELSASGTPCRKAVDPECDFTEYCDGSSSHCVPDTFALNGHLCRLGSAYCYNGRCQALNDQCVSLFGKGSQGASYACFEKVNSPRENLANCDSKDSYSVPCGQQDVLCGKLACFRPPKNYKSPSQSVVYSYVHDSVCLSVLPGLSMRSDGRDSAYVADGTVCGPQMYCINGTCKEVNFTGNDCNATKKCKGNGICNNFGNCQCFPDYRPPDCNLQIGSPGGSIDDGNTLRTESAFATKRLSKNEDSWVILGFFIFLPFIVTFLVGIMKRNERKIVPQGEHKI,1,719
IYRKHLKYIGATSPGELCNESYVAGVGTYPEDIGLEGLSMVITQLIGLHIGLTYDDVDNCSCPRAPCIMQPEALSSSGMKTFSNCSVHDYTHYASKLDMQCLGDLSNVLQPKQSVCGNGIVEGSEECDCGNETECQFKECCNHETCKLKGSAQCGSGTCCTPKCELSAAGTPCRKAVDPECDFTEYCDGSSSHCVPDTFALDGHLCRLGSAYCYNGRCQALNDQCVSLFGKGSQGASYACFEKVNSQRENLANCDSKNSYSLPCGQKDVLCGKLACFRPNKNYKSSTQSVLYSYVHGSVCLSIPPGLSMRSDGKDNAYVADGTVCGPQMYCINGSCKEVNFTGNDCNAAKKCKGNGICNNFGHCQCFPDYRPPDCNLQIGSPGGSIDDGNLLRTDSALATKRLSQHADSWVILGFFIFLPFIMTLFLGIIKRNERKIVPQKEQER,1,445
MPGGAGAARLCLLAFALQPLRPRAAREPGWTSKGSEEGSPKLQHELIIPQWKTSESPVREKHPLKAELRVMAEGRELILDLEKNEQLFAPSYTETHYTSSGNPQTTTRKLEDHCFYHGTVRETELSSVTLSTCRGIRGLITVSSNLSYVIEPLPDSKGQHLIYRSEHLKPPPGNCGFEHSKPTTRDWALQFTQQTKKRPRRMKREDLNSMKYVELYLVADYLEFQKNRRDQDATKHKLIEIANYVDKFYRSLNIRIALVGLEVWTHGNMCEVSENPYSTLWSFLSWRRKLLAQKYHDNAQLITGMSFHGTTIGLAPLMAMCSVYQSGGVNMDHSENAIGVAATMAHEMGHNFGMTHDSADCCSASAADGGCIMAAATGHPFPKVFNGCNRRELDRYLQSGGGMCLSNMPDTRMLYGGRRCGNGYLEDGEECDCGEEEECNNPCCNASNCTLRPGAECAHGSCCHQCKLLAPGTLCREQARQCDLPEFCTGKSPHCPTNFYQMDGTPCEGGQAYCYNGMCLTYQEQCQQLWGPGARPAPDLCFEKVNVAGDTFGNCGKVMNGEHRKCNMRDAKCGKIQCQSSEARPLESNAVPIDTTIIMNGRQIQCRGTHVYRGPEEEGDMLNPGLVMTGTKCGYNHICFEGQCRNTSFFETEGCGKKCNGHGVCNNNQNCHCLPGWAPPFCNTPGHGGSIDSGPMPPESVGPVVAGVLVAILVLAVLMLMYYCCRQNNKLGQLKPSALPSKLRQQFSCPFRVSQNSGTGHANPTFKLQTPQGKRKVINTPEILRKPSQPPPRPPPDYLRGGSPPAPLPAHLSRAARNSPGPGSQIERTESSRRPPPSRPIPPAPNCIVSQDFSRPRPPQKALPANPVPGRRSLPRPGGASPLRPPGAGPQQSRPLAALAPKVSPREALKVKAGTRGLQGGRCRVEKTKQFMLLVVWTELPEQKPRAKHSCFLVPA,1,956
MPGRAGVARFCLLALALQLHWPLAACEPGWTTRGSQEGSPPLQHELIIPQWRTSESPGRGKHPLRAELRVMAEGRELILDLEKNEHLFAPAYTETCYTASGNPQTSTLKSEDHCFYHGTVRDVDESSVTLSTCRGIRGLIIVRSNLSYIIEPVPNSDSQHRIYRSEHLTLPPGNCGFEHSGPTSKDWALQFTHQTKKQPRRMKREDLHSMKYVELYLVADYAEFQKNRHDQDATKRKLMEIANYVDKFYRSLNIRIALVGLEVWTHGDKCEVSENPYSTLWSFLSWRRKLLAQKSHDNAQLITGRSFQGTTIGLAPLMAMCSVYQSGGVSMDHSENAIGVASTVAHEIGHNFGMSHDSAHCCSASAADGGCIMAAATGHPFPKVFSWCNRKELDRYLQTGGGMCLSNMPDTRTLYGGRRCGNGYLEDGEECDCGEEEECKNPCCNASNCTLKEGAECAHGSCCHQCKLVAPGTQCREQVRQCDLPEFCTGKSPHCPTNYYQMDGTPCEGGQAYCYNGMCLTYQEQCQQLWGPGARPALDLCFERVNAAGDTYGNCGKGLNGQYRKCSPRDAKCGKIQCQSTQARPLESNAVSIDTTITLNGRRIHCRGTHVYRGPEEEEGEGDMLDPGLVMTGTKCGHNHICFEGQCRNTSFFETEGCGKKCNGHGVCNNNKNCHCFPGWSPPFCNTPGDGGSVDSGPLPPKSVGPVIAGVFSALFVLAVLVLLCHCYRQSHKLGKPSALPFKLRHQFSCPFRVSQSGGTGHANPTFKLQTPQGKRKVTNTPESLRKPSHPPPRPPPDYLRVESPPAPLPAHLNRAAGSSPEAGARIERKESARRPPPSRPMPPAPNCLLSQDFSRPRPPQKALPANPVPGQRTGPRSGGTSLLQPPTSGPQPPRPPAVPVPKLPEYRSQRVGAIISSKI,1,920
MAVGEPLVHIRVTLLLLWLGMFLSISGHSQARPSQYFTSPEVVIPLKVISRGRGAKAPGWLSYSLRFGGQRYIVHMRVNKLLFAAHLPVFTYTEQHALLQDQPFIQDDWYYHGYVEGVPESLVALSTCSGGFLGMLQINDLVYEIKPISVSATFEHLVYKIDSDDTQFPPMRCGLTEEKIAHQMELQLSYNFTLKQSSFVGWWTHQRFVELVVVVDNIRYLFSQSNATTVQHEVFNVVNIVDSFYHPLEVDVILTGIDIWTASNPLPTSGDLDNVLEDFSIWKNYNLNNRLQHDVAHLFIKDTQGMKLGVAYVKGICQNPFNTGVDVFEDNRLVVFAITLGHELGHNLGMQHDTQWCVCELQWCIMHAYRKVTTKFSNCSYAQYWDSTISSGLCIQPPPYPGNIFRLKYCGNLVVEEGEECDCGTIRQCAKDPCCLLNCTLHPGAACAFGICCKDCKFLPSGTLCRQQVGECDLPEWCNGTSHQCPDDVYVQDGISCNVNAFCYEKTCNNHDIQCKEIFGQDARSASQSCYQEINTQGNRFGHCGIVGTTYVKCWTPDIMCGRVQCENVGVIPNLIEHSTVQQFHLNDTTCWGTDYHLGMAIPDIGEVKDGTVCGPEKICIRKKCASMVHLSQACQRKTCNMRGICNNKQHCHCNHEWAPPYCKDKGYGGSADSGPPPKNNMEGLNVMGKLRYLSLLCLLPLVAFLLFCLHVLFKKRTKSKEDEEG,1,726
MAVDGTLVYIRVTLLLLWLGVFLSISGYCQAGPSQHFTSPEVVIPLKVISRGRSAKAPGWLSYSLRFGGQKHVVHMRVKKLLVSRHLPVFTYTDERALLEDQLFIPDDCYYHGYVEGAPESLVVFSACFGGFRGVLKISGLTYEIEPIRHSATFEHLVYKVNSNETQFPAMRCGLTEKEVARQQLEFEEAENSALEPKSAGDWWTHAWFLELVVVVNHDFFIYSQSNISKVQEDVFLVVNIVDSMYQQLGTYIILIGIEIWNQGNVFPMTSIEQVLNDFSQWKQISLSQLQHDAAHMFIKNSLISILGLAYVAGICRPPIDCGVDNFQGDTWSLFANTVAHELGHTLGMQHDEEFCFCGERGCIMNTFRVPAEKFTNCSYADFMKTTLNQGSCLHNPPRLGEIFMLKRCGNGVVEREEQCDCGSVQQCEQDACCLLNCTLRPGAACAFGLCCKDCKFMPSGELCRQEVNECDLPEWCNGTSHQCPEDRYVQDGIPCSDSAYCYQKRCNNHDQHCREIFGKDAKSASQNCYKEINSQGNRFGHCGINGTTYLKCHISDVFCGRVQCENVRDIPLLQDHFTLQHTHINGVTCWGIDYHLRMNISDIGEVKDGTVCGPGKICIHKKCVSLSVLSHVCLPETCNMKGICNNKHHCHCGYGWSPPYCQHRGYGGSIDSGPASAKRGVFLPLIVIPSLSVLTFLFTVGLLMYLRQCSGPKETKAHSSG,1,722
MECFIMLGADARTLMRVTLLLLWLKALPSLIDLSQTGSTQYLSSPEVVIPLKVTSRARGAKNSEWLSYSLVFGGRRHVVHMRVKKLLVSTHIPVLTYTEEHTPLSDYPFVPSDCYYHGYVEGALESLVAFSACNGGLQGVLQMNGFSYEIEPIKHSSTFEHLVYTLNNNKTQFPPMLCSLTEKRLLYQPFGVEEAKKSAMKQNYGKLWPHMWFLELAVVVDYGFFTNAQQNLSKVRGDVVLVVNMVDSMYKPLDTYVTLVGIEIWNRGNVLPMENIHQVLEDFSHWKQISLSQVHHDAAHIFIRSSLISVLGIAYIAGICRPPLDCGVENFQGDAWSLFANTVAHELGHTFGMKHDEESCSCGKSGCVMSTFRVPAERFTNCSYSDFMKTTLNQGTCLYNHPRPGAGFLVKRCGNGMVESEEECDCGSVQECEQDPCCFLNCTLRPAAACSFGLCCKDCKFMLLGELCRPKINECDLPEWCNGTSHQCPEDGYVQDGVPCGAGAYCYQKQCNNHDQQCREIFGKGARSASHNCYKEINLQGNRFGHCGTDGTVFLKCRMSDVFCGKVHCENVEDIHHPQAPYVLQNIYANGITCWSTGHCLGMGVPDVGEVKDGTTCGVGKICLHKKCVSLSVLSNACLPETCNRKGVCNNKHHCHCDYGWSPPFCLHRGYGGSIDSGPTSQKRRVIITVLSITVPVLSILICLLIAGLYRIYCKIPSGPKETKASSPG,1,729
MQAAAAASFWLLCVLGTCPLARCGRAGVASLKGLERGKENRFLERQSIIPLRLIYRLGGEDETQHNQLDTRVRGDPGGPQLTHVDKASFRVDAFGTSFVLDVLLNHELLSSGYVERQIEHGGKVVENKGGEHCYYQGQIRGNPVSFVALSTCHGLHGMFYDGNHTYLIEPEENEKSQESSHCHSVYKSRQFEFPLDDLPSEFQRVNITPPQFILKPRLKRRKRQLLRFPRNVEEETKYIELMIVNDHLMFKKHRLSVVYTNTYAKSVVNMADVIYKDQLKTRIVLVAMETWAADNKFAISENPLITLREFMKYRRDFIKEKADAVHLFSGSQFESSRSGAAYIGGICSLLRGGGVNEFGKTDLMAVTLAQSLAHNVGIISDKRKLASGECKCEDTWSGCIMGDTGYYLPKKFTQCNVEEYHDFLNSGGGACLFNKPSKLLDPPECGNGFIETGEECDCGTPAECALEGAECCKKCTLTQDSQCSDGLCCKKCKFQPLGTVCREAVNDCDIREICSGNSSQCAPNVHKMDGYSCDGTQGICFGGRCKTRDRQCKYIWGQKVTASDRYCYEKLNIEGTEKGNCGKDKDTWTQCNKRDVLCGYLLCTNIGNIPRLGELDGEITSTLVVQQGRTLNCSGAHVKLEEDVDLGYVEDGTPCGPQMMCLEHRCLPVASFNFSTCSSSKAGTVCSGNGVCSNELKCVCNRHWTGADCGTHFPHNDDAKTGITLSGNGVAGTNIIIGIIAGTILVLALILGITAWGYKNYREQRQLPQGDYVKKPGDGDSFYSDFPPGGSTNSASSSKKRSNGLSHSWSERIPDTKHISDICENGRPRSNSWQGNMGGNKKKIRGKRFRPRSNSTE,1,857
MHINGGPLASWICCVIGSIHLAHASTRPENGGTSGMQRKKENSVLGMEDTVPLRLIFSNEEDNQTTQGLLSTRVRAGSPQHQDQLTHVAQASFQIDAFGSSFILDVELNHDLLSSDYRERHVTQDGKTVEVKGGEHCYYQGQIRGKAKSFVALSTCNGLHGMFCDGNHTYLIEPGEKYNPNEDYQFHSVYKSKVLEFPLDELPSEFWALNDTSVRLSQQTRSQRKKRQTRRYPRNVEDETKYVELMIVNDHLMYKKHRLSVGHTNSYAKSVVNMADLIYKEQLNTRIVLVAMETWATDNKFSISENPLLTLKEFMKYRRDFIKDKSDAVHLFSGSQLRVAAVVLRILVEWCSLLKGGGVNEFGKPDVMAVTLAQSLAHNLGIFSDKKKLLSGECKCEDTWSGCIMGDIGYYLPSKFSVCNIEEYHEFLNNGGGACLFNKPLKLLDPPECGNGFVETGEECDCGTIAECAMEGEECCKKCTLTQDSECSDGLCCSNCKFNPKEMLCREAVNDCDIPETCTGNTSQCPANIHKLDGYSCESMQGLCFGGRCKTRDRQCKYIWGEKVSAADRYCYEKLNIEGTEKGNCGRNKETWIQCNKQDVLCGYLLCTNISNVPRLGELDGDVTSSSIVNQGKLYNCSGGHVKLDEDTDLGYVEDGTPCGTGMMCLEHRCLPIDSFNFSTCLGSTNKICSGHGVCSNEVRCICDRFWTGEDCSSYLHYDHIKPEGDNRDEGVISTNIIIGAIAGTILVLALVLGITAWGYKNYRRERQIPQGDYVKKPGDADSFYSDLPPGVSSNSASSSKKRSAILSHFQISACSIPHYSISQNISLFCRRSNGLSHSWSERIPDTKHVSDVCENGRPRSNSWQGNVTSSRKKLRGKRFRPRSNSTETLSPAKSPSSSTGSIASSRRYPYPMPPLPDEERKASKQSARLWETSI,1,935
MVAMSEALVHARITLLQAWLRMLLFSSVWPPTWCAEYKGPPETVKPLRVIVSSKDMSLAGWMSYSLYFGGQRHIISMKSKNFLESRQLPVFTYNDQGVLFEDRPFVQNDCYYLGFVDGDLESMAALTTCFGGFQGILQINDTAYEIKPKSPSSTFEHLLYKLDSEKTQLRPMRCGLTDEEIEGQVRLQENGKSTRMQSIYGSWWSHGLYIKLALVIDHEQYLYRKKNTSLVIRDVLSIMQGINLFLLSVDINVVLLGLTIWTNGNPIPVQDIYALLPAFCTWKGTNLDSQIPYDIAHLFVNYTFSNYFGIAYVGTVCDKTFGCGIDSIAEDDFLTIGHIVAHEIGHNLGMSHDGILCTCGEESCLMSATMDSSQKLSNCSYEVLWAHMINKSCIHREPRPSDIFQLKVCGNGIVEEGEQCDCGSSENCRRNRCCMPSCTLRSKAKCDTGLCCNHKCQIQPSGTLCRARENECDLPEWCNGTSHECPEDLFVQDGTSCPGDGYCYEKRCNSHDVHCQRVFGQLAMKASDSCYKELNTRGDRFGNCGFINNEYVRCEISDILCGRIQCDKVGTLPILQNHYTIHWTHFNSVSCWSTDYHLGMKITDLGDIKDGTNCGPQHVCIDRKCVNKPSWVNDCTPETCNMKGVCNNKQHCHCDVGWSPPNCQETGTGGSIDSGSPGNEVYEDEVVSKKDAPEKPNVIIWLLPIICVAVVLSVLFCLSGATKKSREAAASQPAGETVKPPYEGAEPSYETVKPPDEWANP,1,761
MQTTQRASSFAAAEDNIAMDKAVVYTRIPHLYLWLEILNILSSRPLTGYAQHTSLPEVVIPLRVTGNRPMWAMGWLTYSLHFGGQKHFIHIKAKKFLVSRLFSVFTYTKQGALHKDQPYVQNDCYYHGHMDGDPESMVAITTCYGGFQGILQINGTVYEIKPKNLSSTFEHLVHKMDSEETELLPMRCALTEEIARQMKLQQNENPTLMQSHYEGWWTHKSFLDLALVVERERIRYHNNNTSRVLVEVFTIINIINNIYETLDVELVLLGVEMWNERNHVQVRSIEELLDEFCMWKARSLNFRIPNDIAHIFVNHEFGIYLGLAYIGSVCVPSHNCGVDRLLGGNLFYFGRIIAHEMGHNLGMEHDSSSCTCGTKICLMAPADNGIPKFSNCSYSYYWATYATAKCMRKEKKSKGILRGKLCGDGVVDDGEQCDCGSAKSCADDPCCKPSCTLKDGAACAFGLCCLYCQIMPAGTVCRQEVNECDLPEWCNGHSHKCPNDVYLLDGSPCRDGGYCYEKRCNNRDEQCKQIFGKEARSADHSCYRELNTQGDRFGNCGVIRDAYLRCHDPDILCGRVQCENVAHIPFLRDHSTVHWTHLNGVTCWGTDYHFGMTIPDIGIVKDGTDCGPEHVCINKKCVSKSIWRSQCSPKTCNMKGVCNNLHHCHCNLGWDPPHCLKSGLGGSIDSGPPNYTENYTEKKHKKSIGLVILFWILFACFSVLFIVFLFFLRSYVELPMSEEPKVPTPENKEDTNEVMNTETE,1,760
MFLKFCLWTMFFFSAWSPIGHAKYSSLLEVVTPLRVTVTRGNNISPGRLSYSLNIGGQRHIITMKPKKNLISRNFLLFTYSDQGDLLEQHHFVQNDCYYHGYVDEDLESPVIVNTCFGSLQGTLEINGTSYEIMPKSSTSTFEHLVYKMDSGDSESSPMRCGLSEEETAQQTKLQESNAPTLLQIPYENWWTHHRFIEYFVVLDHKQYVHRNNNITTCIQDMLQIVNGVNGYYLQIDTDVVLTTLEVWNEKNYINVELSIFKVLGDFCTWKQNMFGNRIRHDIIHLLVRQGYGLYLGLAYLADVCTPYNCGVSSVLSDVMSDMAHIVAHEMGHNFGMKHDGIGCTCGLKDCLMAPYKTNSPKFSNCSYEEMYSVVTKRSCLYDIPEALVTNLTVCGNKVVEEGEQCDCGNSESCLQDPCCSSDCVLKPGAQCAFGLCCKNCQFLKTGTVCREEKNECDLPEWCNGTSAECPGDVYKADGIPCSGEGYCYKMECHQRDEQCRKIFGNGSRSADEICYMEMNRQGDRFGNCGNDSSTYRTCQIADVLCGQIQCENVIQLPQRRNHETVHYTHFSNITCWTMDYHFGITIDDIGAVSDGTAYAPDHICVDRKCVSKSVLVSNCSPQLYHMQGICNNKQHCHCGVTWKPPDCQKRGHGGSIDSGPPPLPLSHSKWIVYILIVLDVCIVIIIYLFSFYKLSK,1,697
MLQGLLPVSLLLSVAVSAIKELPGVKKYEVVYPIRLHPLHKREAKEPEQQEQFETELKYKMTINGKIAVLYLKKNKNLLAPGYTETYYNSTGKEITTSPQIMDDCYYQGHILNEKVSDASISTCRGLRGYFSQGDQRYFIEPLSPIHRDGQEHALFKYNPDEKNYDSTCGMDGVLWAHDLQQNIALPATKLVKLKDRKVQEHEKYIEYYLVLDNGEFKRYNENQDEIRKRVFEMANYVNMLYKKLNTHVALVGMEIWTDKDKIKITPNASFTLENFSKWRGSVLSRRKRHDIAQLITATELAGTTVGLAFMSTMCSPYSVGVVQDHSDNLLRVAGTMAHEMGHNFGMFHDDYSCKCPSTICVMDKALSFYIPTDFSSCSRLSYDKFFEDKLSNCLFNAPLPTDIISTPICGNQLVEMGEDCDCGTSEECTNICCDAKTCKIKATFQCALGECCEKCQFKKAGMVCRPAKDECDLPEMCNGKSGNCPDDRFQVNGFPCHHGKGHCLMGTCPTLREQCTELWGPGTEVADKSCYNRNEGGSKYGYCRRVDDTLIPCKANDTMCGKLFCQGGSDNLPWKGRIVTFLTCKTFDPEDTSQEIGMVANGTKCGDNKVCINAECVDIEKAYKSTNCSSKCKGHAVCDHELQCQCEEGWIPPDCDDSSVVFHFSIVVGVLFPMAVIFVVVAMVIRHQSSREKQKKDQRPLSTTGTRPHKQKRKPQMVKAVQPQEMSQMKPHVYDLPVEGNEPPASFHKDTNALPPTVFKDNPMSTPKDSNPEA,1,775
MLQALLTVSLLLSPVPVSAIKELPGVKKYEVVYPIRLHPLHKREVKEPEQQEQFETELKYKMTVNGKIAVLYLKKNKNLLAPGYTETYYNSTGKEITTSPQIMDDCYYQGHIINEKDSDASISTCRGLRGYFSQGNQRYFIEPLSPIHRDGQEHALFKYDPEEKNYDSTCGTDGVLWVHDLQNIARPATRLVKLNDGKVQKHEKYIEYYLVLDNGEFKKYNENQDEIRKRVFEMANYVNMLYKKLNTHVALVGMEIWTDEDKINITPNASFTLENFSKWRGSVLPRRKRHDIAQLITATEFAGMTVGLAFMSTMCSPYHSVGVVQDHSDNLLRVAGTMAHEMGHNFGMFHDNYSCKCPSTICVMDKALSFYIPTDFSSCSRVSYDKFFEDKLSNCLFNAPLPTDIISTPICGNQMVEMGEDCDCGTSEECTNICCDAKTCKIKAGFQCTSGECCEKCQFKKAGMVCRPAKDECDLPEMCDGKSGNCPDDRFRANGFPCHHGKGYCLMGACPTLQEQCTELWGPGTKVADQSCYNRNEGGSKYGYCRRVDDTLIPCKTNDTMCGKLFCQGGSDNLPWKGRIVTFLTCKTFDPEDTSEEIGMVANGTKCGHNKVCINAECVDIEKAYKSTNCSSKCKGHAVCDHELQCQCEEGWSPPDCDDSSVVFYFSIVVAVLFPVAVISLVVAIVIRQQSSREKQKKDQRPLSTTGTRPHKQKRKPQMVKAVQPQEMSQMKLHVYDLPVEGNEPPASFLISKPDFSPPPIPAPRSSSFLDSNPKA,1,776
MQQWSLLVVSFLLSPVPVSAIKELPKAKKYEVVYPIRLHPLRKRETQEPEPKETFETELRYKMTVNGKVAVLYLKKNNKLLAPDYSETYYNSSGNKVTTSPQIMDSCYYQGHIVNEKVSAASISTCQGLRGYISQGDEKYFIEPLSSENLDEQAHALFKDDSNEDQEKSNCGVDDALWLQGLHQDVALPATRLIKLNDGMVQEPKKYIEYYVVLDNGEFKKYNKNLAEIRKIVLEMANYINMLYNKLDAHVALVGVEIWTDGDKIKITPDANTTLENFSKWRGNDLLKRKHHDIAQLISSTDFSGSTVGLAFMSSMCSPYHSVGIVQDHSNYHLRVAGTMAHEMGHNLGMIHDYLSCKCPSEVCVMEQSLRFHMPTDFSSCSRVNYKQFLEEKLSHCLFNSPLPSDIISTPVCGNQLLEMNEDCDCGTPKECTNKCCDARTCKIKAGFQCALGECCEKCQLKKPGVVCRAAKDECDLPEVCDGKSSHCPGDRFRVNGSPCQNGHGYCLKGKCPTLQQQCMDMWGPGTKVANTSCYKQNEGGTKYGYCHVENGTHMPCKAKDAMCGKLFCEGGSGDLPWKGLTISFLTCKLFDPEDTSQGVDMVANGTKCGTNKVCINAECVDMEKTYKSANCSSKCKGHAVCDHELQCQCKEGWAPPDCENSATVFHFSIVVGVLFPLAVIFVVVAIVIQRQSARRKQRRVQRLPSTKDAKLHNQKCRPQKVKDVQPQEMSQMKKLHVSDLPSEEPEPPPDVLITKPNFPPPPIPVSLDPNAKV,1,774
MAFDISVNASKTINALVYFSTQQNKLVIRNEVNDTHYTVKIDRGKVVDTFISYNRHNDSIEIRGVLPEETNIGCTVNTPVSMTYLYNKYSFKLILAEYIRHRNTVSGNIYSALMTLDDLVIKQYGDIDLLFNEKLKVDSDSGLFDFVNFVKDIICCDSRIVVALSSLVSKHWELTNKNYRCMALAEYIADSIPISELSRLRYNLCKYLRGHTESIEDEFDYFEDDDLSTCSAVTDRETDV,1,240
