sequence,label
MPATSSIITIIAVAACLLLLVADAHAQQQCNWQYGLTTMDIRCSVRALESGTGTPLDLQVAEAAGRLDLQCSQELLHASELAPGLFRQLQKLSELRIDACKLQRVPPNAFEGLMSLKRLTLESHNAVWGPGKTLELHGQSFQGLKELSELHLGDNNIRQLPEGVWCSMPSLQLLNLTQNRIRSAEFLGFSEKLCAGSALSNANGAVSGGSELQTLDVSFNELRSLPDAWGASRLRRLQTLSLQHNNISTLAPNALAGLSSLRVLNISYNHLVSLPSEAFAGNKELRELHLQGNDLYELPKGLLHRLEQLLVLDLSGNQLTSHHVDNSTFAGLIRLIVLNLSNNALTRIGSKTFKELYFLQILDMRNNSIGHIEEGAFLPLYNLHTLNLAENRLHTLDNRIFNGLYVLTKLTLNNNLVSIVESQAFRNCSDLKELDLSSNQLTEVPEAVQDLSMLKTLDLGENQISEFKNNTFRNLNQLTGLRLIDNRIGNITVGMFQDLPRLSVLNLAKNRIQSIERGAFDKNTEIEAIRLDKNFLTDINGIFATLASLLWLNLSENHLVWFDYAFIPSNLKWLDIHGNYIEALGNYYKLQEEIRVTTLDASHNRITEIGAMSVPNSIELLFINNNIIGQIQANTFVDKTRLARVDLYANVLSKISLNALRVAPVSAEKPVPEFYLGGNPFECDCSMEWLQRINNLTTRQHPHVVDLGNIECLMPHSRSAPLRPLASLSASDFVCKYESHCPPTCHCCEYEQCECEVICPGNCSCFHDATWATNIVDCGRQDLAALPNRIPQDVSDLYLDGNNMPELEVGHLTGRRNLRALYLNASNLMTLQNGSLAQLVNLRVLHLENNKLTALEGTEFRSLGLLRELYLHNNMLTHISNATFEPLVSLEVLRLDNNRLSSLPHLQYRHSLQGLTLGRNAWSCRCQQLRELAQFVSDNAMVVRDAHDIYCLDAGIKRELELIGNLANGPDCSDLLDASASNISSSQDLAGAIGCPCWPAVLVLIFLVVVLIIVFVFRESVRMWLFAHYGVRVCEPRFEDAGKLYDAIILHSEKDYEFVCRNIAAELEHGRPPFRLCIQQRDLPPQASHLQLVEGARASRKIILVLTRNLLATEWNRIEFRNAFHESLRGLAQKLVIIEETSVSAEAEDVAELSPYLKSVPSNRLLTCDRYFWEKLRYAIPIELSPRGNNYTLDHHERFKQPVSPGMIFRQAPPPPAYYCTEEMEANYSSATTATPSPRPTRPGGAARIVDSMPMPMRPPSEHIYHSIESEYSAYDQHEALSMIPTGLMHQHQQQQLRLHQQQQQQQQQRLLQPQFRAMPQQAIPAPSAPVHLRSGSGLSQASTSTQSTAQASTSAAAAQQQQQQQQQQQQQQAAGSEAANKNGQAFLV,0
MRRKMKLFLFLLLVINICRSAAANGDECPKFCKCAPDPVQPTSKLLLCDYSSKNTTITPIASSNYDQVANIRSLFISCDNNNFQFPDAYFKSLTALHHLRIVGCETTHFSVKLFEDLAALRRLELDQISTASTSFEMTEDVLMPLARLEKFSLTRSRNIELPQRLLCSLPHLQVLNISSNELPSLRREESCVAQQLLIVDLSRNRLTNIEQFLRGIPAIRQISVAYNSIAELDLSLATPFLQQLDAEANRIVDLTSLPGTVVHVNLAGNALKRVPDAVAELASLVALNVSRNEIEAGNSSVFSSPELEMLDASYNKLDSLPVEWLQKCEKRIAHLHLEHNSIEQLTGGVLANATNLQTLDLSSNQLRVFRDEVLPENSKIGNLRLSNNSLELLEPSSLSGLKLESLDLSHNKLTEVPAAIGKVEQLKKVDLSHNRIAKVYQYVLNKIKQLHTVDLSNNQLQSIGPYIFSDSSELHSLDVSNNEISLLFKDAFARCPKLRKISMKMNKIKSLDEGLTEASGLRRLDVSHNEILVLKWSALPENLEILNADNNDINLLTAASMSPSTANLKSVSLSNNGITIMNADQIPNSLESLDVSNNRLAKLGKTALAAKSQLRRLNLKGNLLTVVATESMKVVEAVHPLKVEISENPLICDCQMGWMIGGAKPKVLIQDSETASCSHAVDGHQIQIQSLSKKDLLCPYKSVCEPECICCQYGNCDCKSVCPANCRCFRDDQFNINIVRCHGNSSMVPKREFVVSELPVSATEIILSGVTLPQLRTHSFIGRLRLQRLHINGTGLRSIQPMAFHTLPALKTLDLSDNSLISLSGEEFLKCGEVSQLFLNGNRFSTLSRGIFEKLPNLKYLTLLINSLEDIPQVLHSTALSKISLSSNPLRCDCSGGSQQHLHHRRDPKAHPFWEHNAAEWFSLHRHLVVDFPKVECWENVTKAFLTNDTTVLSAYPPNMGNDVFVMPIEEFPARLQLNNLCSILIWFFGQDPQNSILFVIITISIAVLLCVLVILAISFIRKSHDAINQRRYKASSLNCSTSAGSSPLPVPLLSYHAFVSYSKKDEKMVIDQLCRPLEDEDYQLCLLHRDGPTYCSNLHAISDELIAQMDSSQCLILVLTKHFLENEWKTLQIKTSHQLFAKNRAKRVIAVLGDGVDANLLDDELGQILRKHTRIEMRSHLFWTLLHSSLPSRLPLPSNSGDDSSQLYSDIYGIVPSDVV,0
MAFIRQAPFLRCLPLVLLCILTPTLIQTIHQDAMLTSSMKCHYDAEQKEADCSDRGLDSIPQNLPDDIEELDLKFNKITFILSSSFMRYPLIQVLDFSSNDIRMIESASFYPLKELNRLDLPFNHNLVFPATDLFRWSRNLSILKLYGSNLKLLPNDTLKWSPSVESIYLRFNKLTFVNMSLCGRAKKISLAYNKIEHLTAESFIIGCQSDYIDLTGNPIKSVDPNVIASLRVRSLVLGEYPLTLEVLKDTFIGICRSEIVELTINGANFTVLPRDFFSPLRNCSPPVLKFTGNNLQSLSQNVFSNLTRLVELDLSHNEIQALSPYVFSNLTRLVELDLSFNEIQSLSPYVFSNLTRLVELDLSQNKIITVEPVFYQGMRGLKVLNLNFNQIKYINPNTDEWTLDLNELYLRSNSLTEISEFAFFGLRNLTLLDLSFNKDLIVLNITSSSKLTGIQTIALNFCNFCDMDIFQPVAPNLTTLFMNNMIAEMIMMAPGITFEDSQGLENLEIRNSGLSNFNIWDEILNTSLFDGLSNLITLDLSQNYFDFYFPDDFPARIFKQLSALQNLSLEACHISCLHPLAFTGLESLRVLNLSGNVIQQLNFDIFKMLDQVTIIDLHDNLLAYLDEQLFSNNPRLTTLLLSNNKLTLLNQKTFEPIESSLLSFDLSLNPIDCNCDLRWFRDWMSGHIDVIDKNRTICSSASLQPLREKPLLDFDPNKLCGLNIGLVVMTPLAGIFLGVIVAIFYHNRLQLKYKLFLLKLMVIGYKEMRDARDHNDYEFDLNIIFYEDDEEWVRQQLQPALEERLPQFQRNVFGDQDLILGMHYLDAVDYVVSHSYKTLILLSRAAVHDRWFMLKLRTAMDHVSDTQTEFVVVVFLEDFPDEDIPFLARLYLSDGRPYQHWTEDVGGHVFFWNALVKNLTINLRTNDFIPNE,0
EKTEYRSEVEEIQQEDFLPLQNTTISNLTLTANKIQILQPQSFLHLNFIQEILLGGNQINSFDIQPSLGMTYIEHLSLIGCQIHDLLPPDFASNLSVTYPTIRTLTLSANKIETVQEGAFWGFTTLEVLSLNLNQLKVLTNQSFCRLESLTELDISNNKLTSFTNGTFTCLQSLKQLNASGNLLQTLSPGYFYGMSSILTISLSSNRIDALNNDQQLWAIKTLRMLDISNNALKGVSKGRFNGLTNLEALNISGNNINYYSYTAFTGLLNLKELYLENERAAFLENSFCQLHTLLFLDLSNAPIQVSPTSIEQFFNMSSLRELRMEKAQLKDTDLYDKDKHQSLFTGLFSLRTLQIKDNYLHDLDVRIFQNLSQLVHLDMSNSRIHTLRSGLFSPLPSLRYLYIGENNLVEVPGDIFNGLFRLNVLTFQNNILSSLDPKTFAQTLRLTDLYLPGNQISTIKPGTVLPGNTSLRLDISNNPFSCTCSLAWFRQWLDSADIDVKHADQTLCSGTSLKGLSKQPILSFHPEDHCGVNIFLIAGISFTCIFLFLITLLAYNRRWWLNHKFFLLKLAVVGYEEMAEDFDADNYEFHLNLMFLEEEEEWVDRVIKPALEERFPHLQNIIYGDKDLHLGMFYINAINDALDNSFKTVLLISNQSIRDAWCMTKLRMALEHLNETGLDKIILIFLEDIEDENLPYLVRLFMSRNKPYMLWTDDEDGQELFWAQFEKSMRANKAINNAIPL,0
MSFKHPSSLFPSLVMAFLLPLTLQAFQGDSMEIVSSGLHTGSVRRGCYQNVEQRRAYCSSRGLDSVLQNLAEDTNELDLSENNITVLPKFSFRRYPLITDLDLSANDIRVIEPTAFHPLKKLVNLSIIANRNLVLPVSGLFRWASKLTLLNLSGSNLKSLPNDTLKWNQHIDYLDLGFNHLTFINISTCGSVRYAGFAYNHIEQLTKETFTFGCQTDHLELGNNPIKLIDPIAIAALHTHSLILIYAGGHSWTPEMLRNLTIGISRSHIKSLKVDVNLGHFPQDVFTPLRDYSFTLLDFSYNKVNALFPFVFSNLTLLDQLDLSNNKIATIEPNFFDSMQALKVLNINFNQVRSINTGNHTWTINLIKLYLSTNSLTEISKFAFLGLQNLTLLDLSFNRRLASIYLTSFTGLDNIHTIDLSGCSIRYLQLYTPVLRSLYMKRNYLFGAPINPLEPGKSFKDSTNLVYLDIQESQVFPYNLWDPATNVSLFEGLFNLTTLDMSKNPNIGKFGLDLGIFHHLSALQELSLDACAISNLHPLVFTGLDSLQKLNLSGNNLEQIRIGLLTGLGQIRSIKLDGNILALLDERTFLNKSRLTSLSLANNKLTFLNESIFRPIYTSLSLVDFSQNPLICTCDLEWLLHWLNQNGTVRLANENQTLCAPSSLASLREKPLLHFNPSELCRFNYAIFSLIPIVIVSLVVLLALVYHQRWRLRYKLFLLKLAVIGYRGEAIDARDHNDYEFDVNIIFYDDDEEWIRDNLRPTLEVQLPQFQRNTFGDADLIPGMYYLDAVDYVVSRSYKTIILLSRAAVRDRWFMLKFRTAMNHVSDTQTEFVVVVFLEDIPDDEIPFLARLFLSDGRPYLHWTEDVRGQEYFWNELAKNLTINLRTNDLIPNE,0
MTKPNSLIFYCIIVLGLTLMKIQLSEECELIIKRPNANLTRVPKDLPLQTTTLDLSQNNISELQTSDILSLSKLRVLIMSYNRLQYLNISVFKFNTELEYLDLSHNELKVILCHPTVSLKHLDLSFNAFDALPICKEFGNMSQLQFLGLSGSRVQSSSVQLIAHLNISKVLLVLGDAYGEKEDPESLRHVSTETLHIVFPSKREFRFLLDVSVSTTIGLELSNIKCVLEDQGCSYFLRALSKLGKNLKLSNLTLNNVETTWNSFINILQIVWHTPVKYFSISNVKLQGQLAFRMFNYSDTSLKALSIHQVVTDVFSFPQSYIYSIFANMNIQNFTMSGTHMVHMLCPSQVSPFLHVDFTDNLLTDMVFKDCRNLVRLKTLSLQKNQLKNLENIILTSAKMTSLQKLDISQNSLRYSDGGIPCAWTQSLLVLNLSSNMLTGSVFRCLPPKVKVLDLHNNRIMSIPKDVTHLQALQELNVASNSLTDLPGCGAFSSLSVLVIDHNSVSHPSEDFFQSCQNIRSLTAGNNPFQCTCELRDFVKNIGWVAREVVEGWPDSYRCDYPESSRGTALRDFHMSPLSCDTVLLTVTIGATMLVLAVTGAFLCLYFDLPWYVRMLCQWTQTRHRARHIPLEELQRNLQFHAFVSYSGHDSAWVKNELLPNLEKDDIQICLHERNFVPGKSIVENIINFIEKSYKSIFVLSPHFIQSEWCHYELYFAHHNLFHEGSDNLILILLAPIPQYSIPTNYHKLKTLMSRRTYLEWPTEKNKHGLFWANLRASINVKLVNQAEGTCYTQQ,0
MPRALWTAWVWAVIILSTEGASDQASSLSCDPTGVCDGHSRSLNSIPSGLTAGVKSLDLSNNDITYVGNRDLQRCVNLKTLRLGANEIHTVEEDSFFHLRNLEYLDLSYNRLSNLSSSWFRSLYVLKFLNLLGNLYKTLGETSLFSHLPNLRTLKVGNSNSFTEIHEKDFTGLTFLEELEISAQNLQIYVPKSLKSIQNISHLILHLKQPILLVDILVDIVSSLDCFELRDTNLHTFHFSEASISEMSTSVKKLIFRNVQFTDESFVEVVKLFNYVSGILEVEFDDCTHDGIGDFRALSLDRIRHLGNVETLTIRKLHIPQFFLFHDLSSIYPLTGRVKRVTIENSKVFLVPCLLSQHLKSLEYLDLSENLMSEETLKNSACKDAWPFLQTLVLRQNRLKSLEKTGELLLTLENLNNLDISKNNFLSMPETCQWPGKMKQLNLSSTRIHSLTQCLPQTLEILDVSNNNLDSFSLILPQLKELYISRNKLKTLPDASFLPVLSVMRISRNIINTFSKEQLDSFQQLKTLEAGGNNFICSCDFLSFTQGQQALGRVLVDWPDDYRCDSPSHVRGQRVQDARLSLSECHRAAVVSAACCALFLLLLLTGVLCHRFHGLWYMKMMWAWLQAKRKPRKAPRRDICYDAFVSYSERDSYWVENLMVQELEHFNPPFKLCLHKRDFIPGKWIIDNIIDSIEKSHKTIFVLSENFVKSEWCKYELDFSHFRLFDENNDAAILILLEPIDKKAIPQRFCKLRKIMNTKTYLEWPVDETQQEGFWLNLRAAIRS,0
MLHVLWTFWILVAMTDLSRKGCSAQASLSCDAAGVCDGRSRSFTSIPSGLTAAMKSLDLSNNKITSIGHGDLRGCVNLRALILQSSGINTIEEDAFSSLSKLEYLDLSDNHLSNLSSSWFRPLSSLKYLNLLGNPYRILGETPLFLNLTHLQTLRVGNVATFSGIRRTDFAGLTSLDELEIKALSLQNYEPGSLQSIQSIHHLTFHLSQSDFLLGVFEDTLSSVGYLELRDANLDSFYFSELSTDEMNSPMKKLAFQNADLTDESFNELLKLLRYTPELLEVEFDDCTLNGVGDFQPSESDVVRELGKVETLIIRRLHIPRFYSFYDLSTVYTLLEKVKRITVENSKVFLVPCLFSQHLKSLEFLDLSENLMVEEYLKNAACEGSWPSLQTLILRQNRLKSIERTGKILLTLKNLTALDISRNSFQSMPDSCQWPGKMRFLNLSSTGIQAVKMCIPQTLEVLDVSNNNLISFSLFLPLLRELYISRNKLHTLPDASLFPVLLVMKIRENAISTFSKDQLSSFPKLVSLEAGGNHFICSCELLSFTLEHPALVQVLAGWPDSYLCDSPSRLRGQRVQDARPSVLECHQTLLVSGVCCALVLLILLIGGLCHHFHGLWYLRMMWAWLQAKRKPKKAPCRDICYDAFVSYSEQDSYWVENLMVQQLENSEPPFKLCLHKRDFVPGKWIIDNIIDSIEKSHKTLFVLSENFVRSEWCKYELDFSHFRLFDENNDAGILVLLEPIEKKAIPQRFCKLRKIMNTKTYLEWPLDEGQQEVFWVNLRTAIKS,0
MPHTLWMVWVLGVIISLSKEESSNQASLSCDHNGICKGSSGSLNSIPSGLTEAVKSLDLSNNRITYISNSDLQRYVNLQALVLTSNGINTIEEDSFSSLGRLEHLDLSYNYLSNLSSSWFKPLSSLKFLNLLGNPYKTLGETSLFSHLTKLRILRVGNMDTFTKIQRKDFAGLTFLEELEIDASDLQSYEPKSLKSIQNVSHLILHMKQHILLLEIFVDLTSSVECLELRDTDLDTFHFSELSTGETNSLIKKFTFRNVKITDESLFQVMKLLSQISGLLELEFDDCTLNGVGDFRGSDNDRVIDPGKVETVTIRRLHIPQFYSFNDLSTLYPLTERVKRITVENSKVFLVPCLLSRHLKSLEYLDLSENLMVEEYLKNSACEDAWPSLQTLILRQNHLASLGKTGETLLTLKNLTNLDISKNTFHYMPETCQWPEKMKYLNLSSTRIHSVTGCIPKTLEILDISNNNLNLFSLNLPQLKELYISRNKLMTLPDASLLPMLLVLKISRNTITTFSKEQLDSFHTLKTLEAGGNNFICSCEFLSFTQEQQALAKVLVDWPANYLCDSPSHVRGQRVQDVRLSVSECHRAALVSGMCCALFLLILLMGVLCHRFHGLWYMKMMWAWLQAKRKPRKAPNRDICYDAFVSYSERDAYWVENLMVQELENFNPPFKLCLHKRDFIPGKWIIDNIIDSIEKSHKTVFVLSENFVKSEWCKYELDFSHFRLFDENNDAAILVLLEPIEKKAIPQRFCKLRKIMNTKTYLEWPMDEARQEGFWVNLRAAIKS,0
MLRALWLFWILVAITVLFSKRCSAQESLSCDASGVCDGRSRSFTSIPSGLTAAMKSLDLSFNKITYIGHGDLRACANLQVLILKSSRINTIEGDAFYSLGSLEHLDLSDNHLSSLSSSWFGPLSSLKYLNLMGNPYQTLGVTSLFPNLTNLQTLRIGNVETFSEIRRIDFAGLTSLNELEIKALSLRNYQSQSLKSIRDIHHLTLHLSESAFLLEIFADILSSVRYLELRDTNLARFQFSPLPVDEVSSPMKKLAFRGSVLTDESFNELLKLLRYILELSEVEFDDCTLNGLGDFNPSESDVVSELGKVETVTIRRLHIPQFYLFYDLSTVYSLLEKVKRITVENSKVFLVPCSFSQHLKSLEFLDLSENLMVEEYLKNSACKGAWPSLQTLVLSQNHLRSMQKTGEILLTLKNLTSLDISRNTFHPMPDSCQWPEKMRFLNLSSTGIRVVKTCIPQTLEVLDVSNNNLDSFSLFLPRLQELYISRNKLKTLPDASLFPVLLVMKIRENAVSTFSKDQLGSFPKLETLEAGDNHFVCSCELLSFTMETPALAQILVDWPDSYLCDSPPRLHGHRLQDARPSVLECHQAALVSGVCCALLLLILLVGALCHHFHGLWYLRMMWAWLQAKRKPKKAPCRDVCYDAFVSYSEQDSHWVENLMVQQLENSDPPFKLCLHKRDFVPGKWIIDNIIDSIEKSHKTVFVLSENFVRSEWCKYELDFSHFRLFDENNDAAILVLLEPIERKAIPQRFCKLRKIMNTKTYLEWPLDEGQQEVFWVNLRTAIKS,0
MFNQSKQKPTMKLMWQAWLIYTALAAHLPEEQALRQACLSCDATQSCNCSFMGLDFIPPGLTGKITVLNLAHNRIKLIRTHDLQKAVNLRTLLLQSNQISSIDEDSFGSQGKLELLDLSNNSLAHLSPVWFGPLFSLQHLRIQGNSYSDLGESSPFSSLRNLSSLHLGNPQFSIIRQGNFEGIVFLNTLRIDGDNLSQYEPGSLKSIRKINHMIISIRRIDVFSAVIRDLLHSAIWLEVREIKLDIENEKLVQNSTLPLTIQKLTFTGASFTDKYISQIAVLLKEIRSLRELEAIDCVLEGKGAWDMTEIARSKQSSIETLSITNMTILDFYLFFDLEGIETQVGKLKRLSIASSKVFMVPCRLARYFSSLLYLDFHDNLLVNNRLGETICEDAWPSLQTLNLSKNSLKSLKQAARYISNLHKLINLDISENNFGEIPDMCEWPENLKYLNLSSTQIPKLTTCIPSTLEVLDVSANNLQDFGLQLPFLKELYLTKNHLKTLPEATDIPNLVAMSISRNKLNSFSKEEFESFKQMELLDASANNFICSCEFLSFIHHEAGIAQVLVGWPESYICDSPLTVRGAQVGSVQLSLMECHRSLLVSLICTLVFLFILILVVVGYKYHAVWYMRMTWAWLQAKRKPKRAPTKDICYDAFVSYSENDSNWVENIMVQQLEQACPPFRLCLHKRDFVPGKWIVDNIIDSIEKSHKTLFVLSEHFVQSEWCKYELDFSHFRLFDENNDVAILILLEPIQSQAIPKRFCKLRKIMNTKTYLEWPPDEEQQQMFWENLKAALKS,0
MHTWKMWAICTALAAHLPEEQALRQACLSCDATQSCNCSFMGLDFIPPGLTGKITVLNLAHNRIKVIRTHDLQKAVNLRTLLLQSNQISSIDEDSFGSQGKLELLDLSNNSLAHLSPVWFGPLFSLQHLRIQGNSYSDLGESSPFSSLRNLSSLHLGNPQFSIIRQGNFEGIVFLNTLRIDGDNLSQYEPGSLKSIRKINHMIISIRRIDVFSAVIRDLLHSAIWLDVRKLAFSVPEKIQLLRIMSSSFAKKISLKQCLFTDATVPEIVSILEGMPKLMEVEMKDCTLLGTGKWYKQIHANQSQSLRILTIENLSIEEFYLFTDLQSVLDLLSLFRKVTVENTKVFLVPCKLSQHLLSLEYLDLSANLLGDQSLEHSACQGAWPSLQTLNLSQNSLSDLKMTGKSLFHLRNLNLLDISENNFGEIPDMCEWPENLKYLNLSSTQIPKLTTCIPSTLEVLDVSANNLQDFGLQLPFLKELYLTKNHLKTLPEATDIPNLVAMSISRNKLNSFSKEEFESFKQMELLDASANNFICSCEFLSFIHHEAGIAQVLVGWPESYICDSPLTVRGAQVGSVQLSLMECHRSLLVSLICTLVFLFILILVVVGYKYHAVWYMRMTWAWLQAKRKPKRAPTKDICYDAFVSYSENDSNWVENIMVQQLEQACPPFRLCLHKRDFVPGKWIVDNIIDSIEKSHKTLFVLSEHFVQSEWCKYELDFSHFRLFDENNDVAILILLEPIQSQAIPKRFCKLRKIMNTKTYLEWPPDEEQQQMFWENLKAALKS,0
MKGCSSYLMYSFGGLLSLWILLVSSTNQCTVRYNVADCSHLKLTHIPDDLPSNITVLNLTHNQLRRLPPTNFTRYSQLAILDAGFNSISKLEPELCQILPLLKVLNLQHNELSQISDQTFVFCTNLTELDLMSNSIHKIKSNPFKNQKNLIKLDLSHNGLSSTKLGTGVQLENLQELLLAKNKILALRSEELEFLGNSSLRKLDLSSNPLKEFSPGCFQTIGKLFALLLNNAQLNPHLTEKLCWELSNTSIQNLSLANNQLLATSESTFSGLKWTNLTQLDLSYNNLHDVGNGSFSYLPSLRYLSLEYNNIQRLSPRSFYGLSNLRYLSLKRAFTKQSVSLASHPNIDDFSFQWLKYLEYLNMDDNNIPSTKSNTFTGLVSLKYLSLSKTFTSLQTLTNETFVSLAHSPLLTLNLTKNHISKIANGTFSWLGQLRILDLGLNEIEQKLSGQEWRGLRNIFEIYLSYNKYLQLSTSSFALVPSLQRLMLRRVALKNVDISPSPFRPLRNLTILDLSNNNIANINEDLLEGLENLEILDFQHNNLARLWKRANPGGPVNFLKGLSHLHILNLESNGLDEIPVGVFKNLFELKSINLGLNNLNKLEPFIFDDQTSLRSLNLQKNLITSVEKDVFGPPFQNLNSLDMRFNPFDCTCESISWFVNWINQTHTNISELSTHYLCNTPHHYYGFPLKLFDTSSCKDSAPFELLFIISTSMLLVFILVVLLIHIEGWRISFYWNVSVHRILGFKEIDTQAEQFEYTAYIIHAHKDRDWVWEHFSPMEEQDQSLKFCLEERDFEAGVLGLEAIVNSIKRSRKIIFVITHHLLKDPLCRRFKVHHAVQQAIEQNLDSIILIFLQNIPDYKLNHALCLRRGMFKSHCILNWPVQKERINAFHHKLQVALGSRNSAH,0
MMARARLAAALIPATAILSCLRTESWDPCVQVVPNISYQCMELNLYKIPDNIPISTKMLDLSFNYLRHLGSHNFSSFPELQVLDLSRCEIKIIEDDTFQGLNHLSTLILTGNPIQSLAWGAFSGLSSLQKLVAVETNLVSLNDFPIGHLKNLKELNVAHNFIHSFKLPEYFSNLPNLEHLDLSNNKIQNIYYEDVKVLHQMPLLNLSLDLSLNPLDFIEPGTFKEIKLNGLTLRSNFNSSHVMKTCIQGLAGLKTNRLVLGEFKNERKLQRFDRSFLEGLCNLTIEQFRIAYLDKFSGDDTDLFNCLANVSVISLLSISLGSLQALLKDFRWQHLEIINCDFDKFPALKLSSLKKFVFTDNKDISTFTEFQLPSLQYLDLKRNHLSFKGCCSHTDFGTTNLKHLDLSFNDVITLGSNFMGLEQLEHLDFQHSTLKQINAFSAFLSLRNLRYLDISYTNIRIVFHGIFTGLVSLQTLKMAGNSFQNNLLPDIFTELTNLTVLDLSKCQLEQVAQTAFHSLSSLQVLNMSHNKLLSLDTFLYEPLHSLRILDCSFNRIMASKEQELQNLPRSLTWLNLTQNAFACVCEHQSFLQWVKDQRQLLVGAEQMMCAEPLDMEDMPVLSFRNATCQLSKTIISVSVVTVLLVSVVGVLVYKFYFHLMLLAGCKKYGRGESIYDAFVIYSSQDEDWVRNELVKNLEEGVPPFQLCLHYRDFIPGVAIAANIIQEGFHKSRKVIVVVSQHFIQSRWCIFEYEIAQTWQFLSSRAGIIFIVLQKLEKSLLRQQVELYRLLSRNTYLEWEDSVLGRHVFWRRLRKALLAGKPQSPEGTADAETNPQEATTST,0
MMPSFCLAGTLMMALFLSSLRPESLDPCVEVDSNTSYQCMDRNLNKIPDNIPSSVKHLDLSFNPLKTLGSHSFFNFPELKLLDLSRCEIETIEDKAYQGLHQLTTLILTGNPIQNLSKGTFSGLANLQNLVAVEIKLASLDSLPIGHLVTLKKLNVAHNLIHSFKLPEYFSNLTNLEHLDLSNNYIQTIYYTDLQTLRENPQLNLSLELSLNPIDFIQPGAFQGIRLHELTLRSNFNSTNVMKTCIHNLDGLQVHRLILGEFKNERNVERFDRYVIEGLCKVTIEEFRFTYANEFSEDITDFDCLANVSAMSLANVYLKRLEDIPKYFKWQTLAVIRCELKQFPPLELPFLKRLIFITNKGATSFPEVNLPSLTFLDLSGNGMSFRGCCSYTDLGARSLKHLDLSFNGVISMSENFMGLEQLEYLDFQHSTLKKATEFSMFLPLEKLLYLDISYTNTKIDFNGIFFGLTSLNTLKMAGNSFKDNILSNVFTNTTNLTFLDISKCQLQQVSWGVFDTLHRLELLNMSHNNLLLLDLFHYKQLHSLKTLDCSFNHIETSKGIMQHFPKSLAFLNLTNNPFACICEHQNFLQWVKDQRLFLVKTEQMTCATPVEMKDSLVLDFRNATCYVQKTIISVSVISVLVVSTIAFLVYKFYFHLILIAGCKKYSRGESIYDAFVIYSSQDEDWVRNELVKNLEEGVPPFQLCLHYRDFIPGVAIAANIIQEGFHKSRKVIVVVSRHFIQSRWCIFEYEIAQTWQFLSSHSGIIFIVLEKVEKSLLKQQVELYRLLSRNTYLEWEDNALGRHIFWRRLKKALLDGRAWNPEGATEAENNQQETTTSI,0
MMPPTRLAGTLIPAMAFLSCLRPESWDPCVEVVPNITYQCMDLNLHKIPDNIPSSTKDLDMSFNPLRNLGSHSFSNFPELQVLDLSRCEIQIIEDDAYQGLNHLSILILTGNPIQRLFPGAFSGLSSLQTLVAVETNIASLEDFPIGHLKTLKELNVAHNLIHSFKLPEYFSNMSNLEYLDLSNNKIQNIYHKDLQVLHQKPLLNLSLDLSLNPLDFIQPGAFKEVKLRELTLRSNFNSTDVMKASIQGLAGLQIHQLVLGEFKNERNLGRFDKSILEGLCNLIIEKFRIAYFDKFSEDAIDSFNCLANVSTISLVHLYFKGLKQLPKNLGWQRLELVNCEFEQFPTWKLDPLKELVFSANEVRNAFTQVKLESLEFLDLSRNDFSLKSCCSERDLGTTRLKHLDLSFNNIITISSNFLGLEQLEYLDFQHSSLKQVSDFSVFLPLKNLRYLDISYTHTQVAFHGIFNGLISLQILKMAGNSFQDNFLPNIFMELTNLTILDLSDCQLEQVSQVAFNSLPKLQLLNMSHNHLLSLDTLPYEPLHSLQTLDCSFNRIVASKEQELRHFPSNLSSLNLTRNDFACVCEHQSFLQWVKDQRQLLVEVEQMVCAKPLDMQGMPMLNFRNATCQVRKTIITGSVFTVLLVFLVVVLVYKFYFHLMLLAGCKKYSRGESTYDAFVIYSSQDEDWVRNELVKNLEEGVPPFQLCLHYRDFIPGVAIAANIIQEGFHKSRKVIVVVSQHFIQSRWCIFEYGIAQTWQFLSSRAGIIFIVLQKLEKSLLRQQVELYRLLNRNTYLEWEDSVLGRHIFWRRLRKALLDGKPRCPEGMADAEGS,0
MMPPTRLAGTLIPAMAFLSCLRPESWDPCVQVVPNTTYQCMDLNLYKIPENIPTSTKELDLSFNPLKELGSHSFSNFPELQVLDLSRCEIEMIEDDAYQGLNHLSTLILTGNPIRSLALGAFSGLSSLQTLVAVETKLSSLEKFPIGHLKTLKELNVAHNLIHSFKLPEYFSKMPNLEHLDLSNNKIQNISHEDLRVLHQMPLLNLSLDLSLNPLEFIQPDAFKEIKLHKLTLRSNFDSIDVMKSCIQGLAGLKVNRLVLGEFKNERKLERFDTSALRGLHNLTIEEFRLAYIDNYSSKDSIDLLNCLADISKISLVSLDLGNLKDFPKGFGWQDFELVNCRIEGFPTLELTSLKRLVFTSNKDMKSFNEVKLPSLEFLDLSRNRLSFKSCCSEADLKTTRLKHLDLSFNDVISMSSNFMGLEQLEHLDFQHSTLKQASDFPVFLSLKNLRYLDISYTNTRVVFHGIFDGLVSLQVLKMAGNSFKDNFLPNIFREMTNLTTLDLSKCNLEQVSQEAFCLLPRLRVLNMSHNNLLFLDMLPYKPLHSLQILDCSFNRIVAFKWQELQHFPSSLASLNLTQNDFACVCEYQSFLQWVKDQRQLLVEVEHLVCAIPLQMRGMPVLGFNNATCQISKTIVGGSVFSILMVSVIAVLVYKFYFHLMLLAGCKKYGRGESIYDAFVIYSSQDEDWVRNELVKNLEEGVPPFQLCLHYRDFIPGVAIAANIIQEGFHKSRKVIVVVSQHFIQSRWCIFEYEIAQTWQFLSSRAGIIFIVLHKLEKSLLRQQVELYRLLNRNTYLEWEDSVLGRHIFWRRLRKALLDGKPWSPAGTADAAESRQHDAETST,0
MMPPWLLARTLIMALFFSCLTPGSLNPCIEVVPNITYQCMDQKLSKVPDDIPSSTKNIDLSFNPLKILKSYSFSNFSELQWLDLSRCEIETIEDKAWHGLHHLSNLILTGNPIQSFSPGSFSGLTSLENLVAVETKLASLESFPIGQLITLKKLNVAHNFIHSCKLPAYFSNLTNLVHVDLSYNYIQTITVNDLQFLRENPQVNLSLDMSLNPIDFIQDQAFQGIKLHELTLRGNFNSSNIMKTCLQNLAGLHVHRLILGEFKDERNLEIFEPSIMEGLCDVTIDEFRLTYTNDFSDDIVKFHCLANVSAMSLAGVSIKYLEDVPKHFKWQSLSIIRCQLKQFPTLDLPFLKSLTLTMNKGSISFKKVALPSLSYLDLSRNALSFSGCCSYSDLGTNSLRHLDLSFNGAIIMSANFMGLEELQHLDFQHSTLKRVTEFSAFLSLEKLLYLDISYTNTKIDFDGIFLGLTSLNTLKMAGNSFKDNTLSNVFANTTNLTFLDLSKCQLEQISWGVFDTLHRLQLLNMSHNNLLFLDSSHYNQLYSLSTLDCSFNRIETSKGILQHFPKSLAFFNLTNNSVACICEHQKFLQWVKEQKQFLVNVEQMTCATPVEMNTSLVLDFNNSTCYMYKTIISVSVVSVIVVSTVAFLIYHFYFHLILIAGCKKYSRGESIYDAFVIYSSQNEDWVRNELVKNLEEGVPRFHLCLHYRDFIPGVAIAANIIQEGFHKSRKVIVVVSRHFIQSRWCIFEYEIAQTWQFLSSRSGIIFIVLEKVEKSLLRQQVELYRLLSRNTYLEWEDNPLGRHIFWRRLKNALLDGKASNPEQTAEEEQETATWT,0
MMSASRLAGTLIPAMAFLSCVRPESWEPCVEVVPNITYQCMELNFYKIPDNLPFSTKNLDLSFNPLRHLGSYSFFSFPELQVLDLSRCEIQTIEDGAYQSLSHLSTLILTGNPIQSLALGAFSGLSSLQKLVAVETNLASLENFPIGHLKTLKELNVAHNLIQSFKLPEYFSNLTNLEHLDLSSNKIQSIYCTDLRVLHQMPLLNLSLDLSLNPMNFIQPGAFKEIRLHKLTLRNNFDSLNVMKTCIQGLAGLEVHRLVLGEFRNEGNLEKFDKSALEGLCNLTIEEFRLAYLDYYLDDIIDLFNCLTNVSSFSLVSVTIKSVKDFSYNFGWQHLELVNCKFGQFPTLKLKSLKRLTFTSNKGGNAFSEVDLPSLEFLDLSRNGLSFKGCCSQSDFGTTSLKYLDLSFNGVITMSSNFLGLEQLEHLDFQHSNLKQMSEFSVFLSLRNLIYLDISHTHTRVAFNGIFNGLSSLEVLKMAGNSFQENFLPDIFTELRNLTFLDLSQCQLEQLSPTAFNSLSSLQVLNMSHNNFFSLDTFPYKCLNSLQVLDYSLNHIMTSKKQELQHFPSSLAFLNLTQNDFACTCEHQSFLQWIKDQRQLLVEVERMECATPSDKQGMPVLSLNITCQMNKTIIGVSVLSVLVVSVVAVLVYKFYFHLMLLAGCIKYGRGENIYDAFVIYSSQDEDWVRNELVKNLEEGVPPFQLCLHYRDFIPGVAIAANIIHEGFHKSRKVIVVVSQHFIQSRWCIFEYEIAQTWQFLSSRAGIIFIVLQKVEKTLLRRQVELYRLLSRNTYLEWEDSVLGRHIFWRRLRKALLDGKSWNPEGTVGTGCNWQEATSI,0
MTSALRLAGTLIPAMAFLSCVRPESWEPCVEVVPNITYQCMELNFYKIPDNIPFSTKNLDLSFNPLRHLGSYSFLRFPELQVLDLSRCEIQTIEDGAYQSLSHLSTLILTGNPIQSLALGAFSGLSSLQKLVAVETNLASLENFPIGHLKTLKELNVAHNLIQSFKLPEYFSNLTNLEHLDLSSNKIQNIYCKDLQVLHQMPLPNLSLDLSLNPINFIQPGAFKEIRLHKLTLRSNFDDLNVMKTCIQGLAGLEVHRLVLGEFRNERNLEEFDKSALEGLCNLTIEEFRLTYLDYYLDNIIDLFNCLANASSFSLVSVNIKRVEDFSYNFRWQHLELVNCKFEQFPTLELESLKRLTFTANKGGNAFSEVDLPSLEFLDLSRNGLSFKGCCSQSDFGTTSLKYLDLSFNDVITMGSNFLGLEQLEHLDFQHSNLKQMSQFSVFLSLRNLIYLDISHTHTTVAFNGIFDGLLSLKVLKMAGNSFQENFLPDIFTDLKNLTFLDLSQCQLEQLSPTAFDTLNKLQVLNMSHNNFFSLDVFPYKCLPSLQVLDYSLNHIMTSKNQEPQHFPSSLAFLNLTQNDFACTCEHQSFLQWIKDQRQLLVEAERMECATPSDKQGMPVLSVNITCQMNKTIIGVSVFSVLVVSVVAVLVYKFYFHLMLLAGCIKYGRGENIYDAFVIYSSQDEDWVRNELVKNLEEGVPPFQLCLHYRDFIPGVAIAANIIHEGFHKSRKVIVVVSQHFIQSRWCIFEYEIAQTWQFLSSRAGIIFIVLQKVEKTLLRQQVELYRLLSRNTYLEWEDSVLGQHIFWRRLRKALLDGRSWNPEEQ,0
MMPLLHLAGTLIMALFLSCLRPGSLNPCIEVLPNITYQCMDQNLSKIPHDIPYSTKNLDLSFNPLKILRSYSFTNFSQLQWLDLSRCEIETIEDKAWHGLNQLSTLVLTGNPIKSFSPGSFSGLTNLENLVAVETKMTSLEGFHIGQLISLKKLNVAHNLIHSFKLPEYFSNLTNLEHVDLSYNYIQTISVKDLQFLRENPQVNLSLDLSLNPIDSIQAQAFQGIRLHELTLRSNFNSSNVLKMCLQNMTGLHVHRLILGEFKNERNLESFDRSVMEGLCNVSIDEFRLTYINHFSDDIYNLNCLANISAMSFTGVHIKHIADVPRHFKWQSLSIIRCHLKPFPKLSLPFLKSWTLTTNREDISFGQLALPSLRYLDLSRNAMSFRGCCSYSDFGTNNLKYLDLSFNGVILMSANFMGLEELEYLDFQHSTLKKVTEFSVFLSLEKLLYLDISYTNTKIDFDGIFLGLISLNTLKMAGNSFKDNTLSNVFTNTTNLTFLDLSKCQLEQISRGVFDTLYRLQLLNMSHNNLLFLDPSHYKQLYSLRTLDCSFNRIETSKGILQHFPKSLAVFNLTNNSVACICEYQNFLQWVKDQKMFLVNVEQMKCASPIDMKASLVLDFTNSTCYIYKTIISVSVVSVLVVATVAFLIYHFYFHLILIAGCKKYSRGESIYDAFVIYSSQNEDWVRNELVKNLEEGVPRFQLCLHYRDFIPGVAIAANIIQEGFHKSRKVIVVVSRHFIQSRWCIFEYEIAQTWQFLSSRSGIIFIVLEKVEKSLLRQQVELYRLLSRNTYLEWEDNALGRHIFWRRLKKALLDGKALNPDETSEEEQEATTLT,0
MACQLDLLIGVIFMASPVLVISPCSSDGRIAFFRGCNLTQIPWILNTTTERLLLSFNYISMVVATSFPLLERLQLLELGTQYANLTIGPGAFRNLPNLRILDLGQSQIEVLNRDAFQGLPHLLELRLFSCGLSSAVLSDGYFRNLYSLARLDLSGNQIHSLRLHSSFRELNSLSDVNFAFNQIFTICEDELEPLQGKTLSFFGLKLTKLFSRVSVGWETCRNPFRGVRLETLDLSENGWTVDITRNFSNIIQGSQISSLILKHHIMGPGFGFQNIRDPDQSTFASLARSSVLQLDLSHGFIFSLNPRLFGTLKDLKMLNLAFNKINKIGENAFYGLDSLQVLNLSYNLLGELYNSNFYGLPRVAYVDLQRNHIGIIQDQTFRLLKTLQTLDLRDNALKAIGFIPSIQMVLLGGNKLVHLPHIHFTANFLELSENRLENLSDLYFLLRVPQLQFLILNQNRLSSCKAAHTPSENPSLEQLFLTENMLQLAWETGLCWDVFQGLSRLQILYLSNNYLNFLPPGIFNDLVALRMLSLSANKLTVLSPGSLPANLEILDISRNQLLCPDPALFSSLRVLDITHNEFVCNCELSTFISWLNQTNVTLFGSPADVYCMYPNSLLGGSLYNISTEDCDEEEAMRSLKFSLFILCTVTLTLFLVITLVVIKFRGICFLCYKTIQKLVFKDKVWSLEPGAYRYDAYFCFSSKDFEWAQNALLKHLDAHYSSRNRLRLCFEERDFIPGENHISNIQAAVWGSRKTVCLVSRHFLKDGWCLEAFRYAQSRSLSDLKSILIVVVVGSLSQYQLMRHETIRGFLQKQQYLRWPEDLQDVGWFLDKLSGCILKEEKGKKRSSSIQLRTIATIS,0
MSQDRKPIVGSFHFVCALALIVGSMTPFSNELESMVDYSNRNLTHVPKDLPPRTKALSLSQNSISELRMPDISFLSELRVLRLSHNRIRSLDFHVFLFNQDLEYLDVSHNRLQNISCCPMASLRHLDLSFNDFDVLPVCKEFGNLTKLTFLGLSAAKFRQLDLLPVAHLHLSCILLDLVSYHIKGGETESLQIPNTTVLHLVFHPNSLFSVQVNMSVNALGHLQLSNIKLNDENCQRLMTFLSELTRGPTLLNVTLQHIETTWKCSVKLFQFFWPRPVEYLNIYNLTITERIDREEFTYSETALKSLMIEHVKNQVFLFSKEALYSVFAEMNIKMLSISDTPFIHMVCPPSPSSFTFLNFTQNVFTDSVFQGCSTLKRLQTLILQRNGLKNFFKVALMTKNMSSLETLDVSLNSLNSHAYDRTCAWAESILVLNLSSNMLTGSVFRCLPPKVKVLDLHNNRIMSIPKDVTHLQALQELNVASNSLTDLPGCGAFSSLSVLVIDHNSVSHPSEDFFQSCQNIRSLTAGNNPFQCTCELRDFVKNIGWVAREVVEGWPDSYRCDYPESSKGTALRDFHMSPLSCDTVLLTVTIGATMLVLAVTGAFLCLYFDLPWYVRMLCQWTQTRHRARHIPLEELQRNLQFHAFVSYSEHDSAWVKNELLPNLEKDDIRVCLHERNFVPGKSIVENIINFIEKSYKAIFVLSPHFIQSEWCHYELYFAHHNLFHEGSDNLILILLEPILQNNIPSRYHKLRALMAQRTYLEWPTEKGKRGLFWANLRASFIMKLALVNEDDVKT,0
MVFSMWTRKRQILIFLNMLLVSRVFGFRWFPKTLPCEVKVNIPEAHVIVDCTDKHLTEIPEGIPTNTTNLTLTINHIPSISPDSFRRLNHLEEIDLRCNCVPVLLGSKANVCTKRLQIRPGSFSGLSDLKALYLDGNQLLEIPQDLPSSLHLLSLEANNIFSITKENLTELVNIETLYLGQNCYYRNPCNVSYSIEKDAFLVMRNLKVLSLKDNNVTAVPTTLPPNLLELYLYNNIIKKIQENDFNNLNELQVLDLSGNCPRCYNVPYPCTPCENNSPLQIHDNAFNSLTELKVLRLHSNSLQHVPPTWFKNMRNLQELDLSQNYLAREIEEAKFLHFLPNLVELDFSFNYELQVYHASITLPHSLSSLENLKILRVKGYVFKELKNSSLSVLHKLPRLEVLDLGTNFIKIADLNIFKHFENLKLIDLSVNKISPSEESREVGFCPNAQTSVDRHGPQVLEALHYFRYDEYARSCRFKNKEPPSFLPLNADCHIYGQTLDLSRNNIFFIKPSDFQHLSFLKCLNLSGNTIGQTLNGSELWPLRELRYLDFSNNRLDLLYSTAFEELQSLEVLDLSSNSHYFQAEGITHMLNFTKKLRLLDKLMMNDNDISTSASRTMESDSLRILEFRGNHLDVLWRAGDNRYLDFFKNLFNLEVLDISRNSLNSLPPEVFEGMPPNLKNLSLAKNGLKSFFWDRLQLLKHLEILDLSHNQLTKVPERLANCSKSLTTLILKHNQIRQLTKYFLEDALQLRYLDISSNKIQVIQKTSFPENVLNNLEMLVLHHNRFLCNCDAVWFVWWVNHTDVTIPYLATDVTCVGPGAHKGQSVISLDLYTCELDLTNLILFSVSISSVLFLMVVMTTSHLFFWDMWYIYYFWKAKIKGYQHLQSMESCYDAFIVYDTKNSAVTEWVLQELVAKLEDPREKHFNLCLEERDWLPGQPVLENLSQSIQLSKKTVFVMTQKYAKTESFKMAFYLSHQRLLDEKVDVIILIFLEKPLQKSKFLQLRKRLCRSSVLEWPANPQAHPYFWQCLKNALTTDNHVAYSQMFKETV,0
MENMPPQSWILTCFCLLSSGTSAIFHKANYSRSYPCDEIRHNSLVIAECNHRQLHEVPQTIGKYVTNIDLSDNAITHITKESFQKLQNLTKIDLNHNAKQQHPNENKNGMNITEGALLSLRNLTVLLLEDNQLYTIPAGLPESLKELSLIQNNIFQVTKNNTFGLRNLERLYLGWNCYFKCNQTFKVEDGAFKNLIHLKVLSLSFNNLFYVPPKLPSSLRKLFLSNAKIMNITQEDFKGLENLTLLDLSGNCPRCYNAPFPCTPCKENSSIHIHPLAFQSLTQLLYLNLSSTSLRTIPSTWFENLSNLKELHLEFNYLVQEIASGAFLTKLPSLQILDLSFNFQYKEYLQFINISSNFSKLRSLKKLHLRGYVFRELKKKHFEHLQSLPNLATINLGINFIEKIDFKAFQNFSKLDVIYLSGNRIASVLDGTDYSSWRNRLRKPLSTDDDEFDPHVNFYHSTKPLIKPQCTAYGKALDLSLNNIFIIGKSQFEGFQDIACLNLSFNANTQVFNGTEFSSMPHIKYLDLTNNRLDFDDNNAFSDLHDLEVLDLSHNAHYFSIAGVTHRLGFIQNLINLRVLNLSHNGIYTLTEESELKSISLKELVFSGNRLDHLWNANDGKYWSIFKSLQNLIRLDLSYNNLQQIPNGAFLNLPQSLQELLISGNKLRFFNWTLLQYFPHLHLLDLSRNELYFLPNCLSKFAHSLETLLLSHNHFSHLPSGFLSEARNLVHLDLSFNTIKMINKSSLQTKMKTNLSILELHGNYFDCTCDISDFRSWLDENLNITIPKLVNVICSNPGDQKSKSIMSLDLTTCVSDTTAAVLFFLTFLTTSMVMLAALVHHLFYWDVWFIYHMCSAKLKGYRTSSTSQTFYDAYISYDTKDASVTDWVINELRYHLEESEDKSVLLCLEERDWDPGLPIIDNLMQSINQSKKTIFVLTKKYAKSWNFKTAFYLALQRLMDENMDVIIFILLEPVLQYSQYLRLRQRICKSSILQWPNNPKAENLFWQSLKNVVLTENDSRYDDLYIDSIRQY,0
MVLRRRTLHPLSLLVQAAVLAETLALGTLPAFLPCELKPHGLVDCNWLFLKSVPRFSAAASCSNITRLSLISNRIHHLHNSDFVHLSNLRQLNLKWNCPPTGLSPLHFSCHMTIEPRTFLAMRTLEELNLSYNGITTVPRLPSSLVNLSLSHTNILVLDANSLAGLYSLRVLFMDGNCYYKNPCTGAVKVTPGALLGLSNLTHLSLKYNNLTKVPRQLPPSLEYLLVSYNLIVKLGPEDLANLTSLRVLDVGGNCRRCDHAPNPCIECGQKSLHLHPETFHHLSHLEGLVLKDSSLHTLNSSWFQGLVNLSVLDLSENFLYESINHTNAFQNLTRLRKLNLSFNYRKKVSFARLHLASSFKNLVSLQELNMNGIFFRSLNKYTLRWLADLPKLHTLHLQMNFINQAQLSIFGTFRALRFVDLSDNRISGPSTLSEATPEEADDAEQEELLSADPHPAPLSTPASKNFMDRCKNFKFTMDLSRNNLVTIKPEMFVNLSRLQCLSLSHNSIAQAVNGSQFLPLTNLQVLDLSHNKLDLYHWKSFSELPQLQALDLSYNSQPFSMKGIGHNFSFVAHLSMLHSLSLAHNDIHTRVSSHLNSNSVRFLDFSGNGMGRMWDEGGLYLHFFQGLSGLLKLDLSQNNLHILRPQNLDNLPKSLKLLSLRDNYLSFFNWTSLSFLPNLEVLDLAGNQLKALTNGTLPNGTLLQKLDVSSNSIVSVVPAFFALAVELKEVNLSHNILKTVDRSWFGPIVMNLTVLDVRSNPLHCACGAAFVDLLLEVQTKVPGLANGVKCGSPGQLQGRSIFAQDLRLCLDEVLSWDCFGLSLLAVAVGMVVPILHHLCGWDVWYCFHLCLAWLPLLARSRRSAQALPYDAFVVFDKAQSAVADWVYNELRVRLEERRGRRALRLCLEDRDWLPGQTLFENLWASIYGSRKTLFVLAHTDRVSGLLRTSFLLAQQRLLEDRKDVVVLVILRPDAHRSRYVRLRQRLCRQSVLFWPQQPNGQGGFWAQLSTALTRDNRHFYNQNFCRGPTAE,0
MTSIFHFAIIFMLILQIRIQLSEESEFLVDRSKNGLIHVPKDLSQKTTILNISQNYISELWTSDILSLSKLRILIISHNRIQYLDISVFKFNQELEYLDLSHNKLVKISCHPTVNLKHLDLSFNAFDALPICKEFGNMSQLKFLGLSTTHLEKSSVLPIAHLNISKVLLVLGETYGEKEDPEGLQDFNTESLHIVFPTNKEFHFILDVSVKTVANLELSNIKCVLEDNKCSYFLSILAKLQTNPKLSSLTLNNIETTWNSFIRILQLVWHTTVWYFSISNVKLQGQLDFRDFDYSGTSLKALSIHQVVSDVFGFPQSYIYEIFSNMNIKNFTVSGTRMVHMLCPSKISPFLHLDFSNNLLTDTVFENCGHLTELETLILQMNQLKELSKIAEMTTQMKSLQQLDISQNSVSYDEKKGDCSWTKSLLSLNMSSNILTDTIFRCLPPRIKVLDLHSNKIKSIPKQVVKLEALQELNVAFNSLTDLPGCGSFSSLSVLIIDHNSVSHPSADFFQSCQKMRSIKAGDNPFQCTCELGEFVKNIDQVSSEVLEGWPDSYKCDYPESYRGTLLKDFHMSELSCNITLLIVTIVATMLVLAVTVTSLCIYLDLPWYLRMVCQWTQTRRRARNIPLEELQRNLQFHAFISYSGHDSFWVKNELLPNLEKEGMQICLHERNFVPGKSIVENIITCIEKSYKSIFVLSPNFVQSEWCHYELYFAHHNLFHEGSNSLILILLEPIPQYSIPSSYHKLKSLMARRTYLEWPKEKSKRGLFWANLRAAINIKLTEQAKK,0
MPHTLWMVWVLGVIISLSKEESSNQASLSCDRNGICKGSSGSLNSIPSGLTEAVKSLDLSNNRITYISNSDLQRCVNLQALVLTSNGINTIEEDSFSSLGSLEHLDLSYNYLSNLSSSWFKPLSSLTFLNLLGNPYKTLGETSLFSHLTKLQILRVGNMDTFTKIQRKDFAGLTFLEELEIDASDLQSYEPKSLKSIQNVSHLILHMKQHILLLEIFVDVTSSVECLELRDTDLDTFHFSELSTGETNSLIKKFTFRNVKITDESLFQVMKLLNQISGLLELEFDDCTLNGVGNFRASDNDRVIDPGKVETLTIRRLHIPRFYLFYDLSTLYSLTERVKRITVENSKVFLVPCLLSQHLKSLEYLDLSENLMVEEYLKNSACEDAWPSLQTLILRQNHLASLEKTGETLLTLKNLTNIDISKNSFHSMPETCQWPEKMKYLNLSSTRIHSVTGCIPKTLEILDVSNNNLNLFSLNLPQLKELYISRNKLMTLPDASLLPMLLVLKISRNAITTFSKEQLDSFHTLKTLEAGGNNFICSCEFLSFTQEQQALAKVLIDWPANYLCDSPSHVRGQQVQDVRLSVSECHRTALVSGMCCALFLLILLTGVLCHRFHGLWYMKMMWAWLQAKRKPRKAPSRNICYDAFVSYSERDAYWVENLMVQELENFNPPFKLCLHKRDFIPGKWIIDNIIDSIEKSHKTVFVLSENFVKSEWCKYELDFSHFRLFDENNDAAILILLEPIEKKAIPQRFCKLRKIMNTKTYLEWPMDEAQREGFWVNLRAAIKS,0
MRQTLPCIYFWGGLLPFGMLCASSTTKCTVSHEVADCSHLKLTQVPDDLPTNITVLNLTHNQLRRLPAANFTRYSQLTSLDVGFNTISKLEPELCQKLPMLKVLNLQHNELSQLSDKTFAFCTNLTELHLMSNSIQKIKNNPFVKQKNLITLDLSHNGLSSTKLGTQVQLENLQELLLSNNKIQALKSEELDIFANSSLKKLELSSNQIKEFSPGCFHAIGRLFGLFLNNVQLGPSLTEKLCLELANTSIRNLSLSNSQLSTTSNTTFLGLKWTNLTMLDLSYNNLNVVGNDSFAWLPQLEYFFLEYNNIQHLFSHSLHGLFNVRYLNLKRSFTKQSISLASLPKIDDFSFQWLKCLEHLNMEDNDIPGIKSNMFTGLINLKYLSLSNSFTSLRTLTNETFVSLAHSPLHILNLTKNKISKIESDAFSWLGHLEVLDLGLNEIGQELTGQEWRGLENIFEIYLSYNKYLQLTRNSFALVPSLQRLMLRRVALKNVDSSPSPFQPLRNLTILDLSNNNIANINDDMLEGLEKLEILDLQHNNLARLWKHANPGGPIYFLKGLSHLHILNLESNGFDEIPVEVFKDLFELKIIDLGLNNLNTLPASVFNNQVSLKSLNLQKNLITSVEKKVFGPAFRNLTELDMRFNPFDCTCESIAWFVNWINETHTNIPELSSHYLCNTPPHYHGFPVRLFDTSSCKDSAPFELFFMINTSILLIFIFIVLLIHFEGWRISFYWNVSVHRVLGFKEIDRQTEQFEYAAYIIHAYKDKDWVWEHFSSMEKEDQSLKFCLEERDFEAGVFELEAIVNSIKRSRKIIFVITHHLLKDPLCKRFKVHHAVQQAIEQNLDSIILVFLEEIPDYKLNHALCLRRGMFKSHCILNWPVQKERIGAFRHKLQVALGSKNSVH,0
MMSASRLAGTLIPAMAFLSCVRPESWEPCVEVVPNITYQCMELNFYKIPDNLPFSTKNLDLSFNPLRHLGSYSFFSFPELQVLDLSRCEIQTIEDGAYQSLSHLSTLILTGNPIQSLALGAFSGLSSLQKLVAVETNLASLENFPIGHLKTLKELNVAHNLIQSFKLPEYFSNLTNLEHLDLSSNKIQSIYCTDLRVLHQMPLLNLSLDLSLNPMNFIQPGAFKEIRLHKLTLRNNFDSLNVMKTCIQGLAGLEVHRLVLGEFRNEGNLEKFDKSALEGLCNLTIEEFRLAYLDYYLDDIIDLFNCLTNVSSFSLVSVTIERVKDFSYNFGWQHLELVNCKFGQFPTLKLKSLKRLTFTSNKGGNAFSEVDLPSLEFLDLSRNGLSFKGCCSQSDFGTTSLKYLDLSFNGVITMSSNFLGLEQLEHLDFQHSNLKQMSEFSVFLSLRNLIYLDISHTHTRVAFNGIFNGLSSLEVLKMAGNSFQENFLPDIFTELRNLTFLDLSQCQLEQLSPTAFNSLSSLQVLNMSHNNFFSLDTFPYKCLNSLQVLDYSLNHIMTSKKQELQHFPSSLAFLNLTQNDFACTCEHQSFLQWIKDQRQLLVEVERMECATPSDKQGMPVLSLNITCQMNKTIIGVSVLSVLVVSVVAVLVYKFYFHLMLLAGCIKYGRGENIYDAFVIYSSQDEDWVRNELVKNLEEGVPPFQLCLHYRDFIPGVAIAANIIHEGFHKSRKVIVVVSQHFIQSRWCIFEYEIAQTWQFLSSRAGIIFIVLQKVEKTLLRQQVELYRLLSRNTYLEWEDSVLGRHIFWRRLRKALLDGKSWNPEGTVGTGCNWQEATSI,0
MKPRAFRLRSLSPSPRFHCFLLNAAVLSRRCEIQTIEDGAYQSLSHLSTLILTGNPIQSLALGAFSGLSSLQKLVAVETNLASLENFPIGHLKTLKELNVAHNLIQSFKLPEYFSNLTNLEHLDLSSNKIQSIYCTDLRVLHQMPLLNLSLDLSLNPMNFIQPGAFKEIRLHKLTLRNNFDSLNVMKTCIQGLAGLEVHRLVLGEFRNEGNLEKFDKSALEGLCNLTIEEFRLAYLDYYLDDIIDLFNCLTNVSSFSLVSVTIERVKDFSYNFGWQHLELVNCKFGQFPTLKLKSLKRLTFTSNKGGNAFSEVDLPSLEFLDLSRNGLSFKGCCSQSDFGTTSLKYLDLSFNGVITMSSNFLGLEQLEHLDFQHSNLKQMSEFSVFLSLRNLIYLDISHTHTRVAFNGIFNGLSSLEVLKMAGNSFQENFLPDIFTELRNLTFLDLSQCQLEQLSPTAFNSLSSLQVLNMSHNNFFSLDTFPYKCLNSLQVLDYSLNHIMTSKKQELQHFPSSLAFLNLTQNDFACTCEHQSFLQWIKDQRQLLVEVERMECATPSDKQGMPVLSLNITCQMNKTIIGVSVLSVLVVSVVAVLVYKFYFHLMLLAGCIKYGRGENIYDAFVIYSSQDEDWVRNELVKNLEEGVPPFQLCLHYRDFIPGVAIAANIIHEGFHKSRKVIVVVSQHFIQSRWCIFEYEIAQTWQFLSSRAGIIFIVLQKVEKTLLRQQVELYRLLSRNTYLEWEDSVLGRHIFWRRLRKALLDGKSWNPEGTVGTGCNWQEATSI,0
MELNFYKIPDNLPFSTKNLDLSFNPLRHLGSYSFFSFPELQVLDLSRCEIQTIEDGAYQSLSHLSTLILTGNPIQSLALGAFSGLSSLQKLVAVETNLASLENFPIGHLKTLKELNVAHNLIQSFKLPEYFSNLTNLEHLDLSSNKIQSIYCTDLRVLHQMPLLNLSLDLSLNPMNFIQPGAFKEIRLHKLTLRNNFDSLNVMKTCIQGLAGLEVHRLVLGEFRNEGNLEKFDKSALEGLCNLTIEEFRLAYLDYYLDDIIDLFNCLTNVSSFSLVSVTIERVKDFSYNFGWQHLELVNCKFGQFPTLKLKSLKRLTFTSNKGGNAFSEVDLPSLEFLDLSRNGLSFKGCCSQSDFGTTSLKYLDLSFNGVITMSSNFLGLEQLEHLDFQHSNLKQMSEFSVFLSLRNLIYLDISHTHTRVAFNGIFNGLSSLEVLKMAGNSFQENFLPDIFTELRNLTFLDLSQCQLEQLSPTAFNSLSSLQVLNMSHNNFFSLDTFPYKCLNSLQVLDYSLNHIMTSKKQELQHFPSSLAFLNLTQNDFACTCEHQSFLQWIKDQRQLLVEVERMECATPSDKQGMPVLSLNITCQMNKTIIGVSVLSVLVVSVVAVLVYKFYFHLMLLAGCIKYGRGENIYDAFVIYSSQDEDWVRNELVKNLEEGVPPFQLCLHYRDFIPGVAIAANIIHEGFHKSRKVIVVVSQHFIQSRWCIFEYEIAQTWQFLSSRAGIIFIVLQKVEKTLLRQQVELYRLLSRNTYLEWEDSVLGRHIFWRRLRKALLDGKSWNPEGTVGTGCNWQEATSI,0
MPLLNLSLDLSLNPMNFIQPGAFKEIRLHKLTLRNNFDSLNVMKTCIQGLAGLEVHRLVLGEFRNEGNLEKFDKSALEGLCNLTIEEFRLAYLDYYLDDIIDLFNCLTNVSSFSLVSVTIERVKDFSYNFGWQHLELVNCKFGQFPTLKLKSLKRLTFTSNKGGNAFSEVDLPSLEFLDLSRNGLSFKGCCSQSDFGTTSLKYLDLSFNGVITMSSNFLGLEQLEHLDFQHSNLKQMSEFSVFLSLRNLIYLDISHTHTRVAFNGIFNGLSSLEVLKMAGNSFQENFLPDIFTELRNLTFLDLSQCQLEQLSPTAFNSLSSLQVLNMSHNNFFSLDTFPYKCLNSLQVLDYSLNHIMTSKKQELQHFPSSLAFLNLTQNDFACTCEHQSFLQWIKDQRQLLVEVERMECATPSDKQGMPVLSLNITCQMNKTIIGVSVLSVLVVSVVAVLVYKFYFHLMLLAGCIKYGRGENIYDAFVIYSSQDEDWVRNELVKNLEEGVPPFQLCLHYRDFIPGVAIAANIIHEGFHKSRKVIVVVSQHFIQSRWCIFEYEIAQTWQFLSSRAGIIFIVLQKVEKTLLRQQVELYRLLSRNTYLEWEDSVLGRHIFWRRLRKALLDGKSWNPEGTVGTGCNWQEATSI,0
MGDHLDLLLGVVLMAGPVFGIPSCSFDGRIAFYRFCNLTQVPQVLNTTERLLLSFNYIRTVTASSFPFLEQLQLLELGSQYTPLTIDKEAFRNLPNLRILDLGSSKIYFLHPDAFQGLFHLFELRLYFCGLSDAVLKDGYFRNLKALTRLDLSKNQIRSLYLHPSFGKLNSLKSIDFSSNQIFLVCEHELEPLQGKTLSFFSLAANSLYSRVSVDWGKCMNPFRNMVLEILDVSGNGWTVDITGNFSNAISKSQAFSLILAHHIMGAGFGFHNIKDPDQNTFAGLARSSVRHLDLSHGFVFSLNSRVFETLKDLKVLNLAYNKINKIADEAFYGLDNLQVLNLSYNLLGELYSSNFYGLPKVAYIDLQKNHIAIIQDQTFKFLEKLQTLDLRDNALTTIHFIPSIPDIFLSGNKLVTLPKINLTANLIHLSENRLENLDILYFLLRVPHLQILILNQNRFSSCSGDQTPSENPSLEQLFLGENMLQLAWETELCWDVFEGLSHLQVLYLNHNYLNSLPPGVFSHLTALRGLSLNSNRLTVLSHNDLPANLEILDISRNQLLAPNPDVFVSLSVLDITHNKFICECELSTFINWLNHTNVTIAGPPADIYCVYPDSFSGVSLFSLSTEGCDEEEVLKSLKFSLFIVCTVTLTLFLMTILTVTKFRGFCFICYKTAQRLVFKDHPQGTEPDMYKYDAYLCFSSKDFTWVQNALLKHLDTQYSDQNRFNLCFEERDFVPGENRIANIQDAIWNSRKIVCLVSRHFLRDGWCLEAFSYAQGRCLSDLNSALIMVVVGSLSQYQLMKHQSIRGFVQKQQYLRWPEDLQDVGWFLHKLSQQILKKEKEKKKDNNIPLQTVATIS,0
MTKDKEPIVKSFHFVCLMIIIVGTRIQFSDGNEFAVDKSKRGLIHVPKDLPLKTKVLDMSQNYIAELQVSDMSFLSELTVLRLSHNRIQLLDLSVFKFNQDLEYLDLSHNQLQKISCHPIVSFRHLDLSFNDFKALPICKEFGNLSQLNFLGLSAMKLQKLDLLPIAHLHLSYILLDLRNYYIKENETESLQILNAKTLHLVFHPTSLFAIQVNISVNTLGCLQLTNIKLNDDNCQVFIKFLSELTRGSTLLNFTLNHIETTWKCLVRVFQFLWPKPVEYLNIYNLTIIESIREEDFTYSKTTLKALTIEHITNQVFLFSQTALYTVFSEMNIMMLTISDTPFIHMLCPHAPSTFKFLNFTQNVFTDSIFEKCSTLVKLETLILQKNGLKDLFKVGLMTKDMPSLEILDVSWNSLESGRHKENCTWVESIVVLNLSSNMLTDSVFRCLPPRIKVLDLHSNKIKSVPKQVVKLEALQELNVAFNSLTDLPGCGSFSSLSVLIIDHNSVSHPSADFFQSCQKMRSIKAGDNPFQCTCELREFVKNIDQVSSEVLEGWPDSYKCDYPESYRGSPLKDFHMSELSCNITLLIVTIGATMLVLAVTVTSLCIYLDLPWYLRMVCQWTQTRRRARNIPLEELQRNLQFHAFISYSEHDSAWVKSELVPYLEKEDIQICLHERNFVPGKSIVENIINCIEKSYKSIFVLSPNFVQSEWCHYELYFAHHNLFHEGSNNLILILLEPIPQNSIPNKYHKLKALMTQRTYLQWPKEKSKRGLFWANIRAAFNMKLTLVTENNDVKS,0
MVFPMWTLKRQILILFNIILISKLLGARWFPKTLPCDVTLDVPKNHVIVDCTDKHLTEIPGGIPTNTTNLTLTINHIPDISPASFHRLDHLVEIDFRCNCVPIPLGSKNNMCIKRLQIKPRSFSGLTYLKSLYLDGNQLLEIPQGLPPSLQLLSLEANNIFSIRKENLTELANIEILYLGQNCYYRNPCYVSYSIEKDAFLNLTKLKVLSLKDNNVTAVPTVLPSTLTELYLYNNMIAKIQEDDFNNLNQLQILDLSGNCPRCYNAPFPCAPCKNNSPLQIPVNAFDALTELKVLRLHSNSLQHVPPRWFKNINKLQELDLSQNFLAKEIGDAKFLHFLPSLIQLDLSFNFELQVYRASMNLSQAFSSLKSLKILRIRGYVFKELKSFNLSPLHNLQNLEVLDLGTNFIKIANLSMFKQFKRLKVIDLSVNKISPSGDSSEVGFCSNARTSVESYEPQVLEQLHYFRYDKYARSCRFKNKEASFMSVNESCYKYGQTLDLSKNSIFFVKSSDFQHLSFLKCLNLSGNLISQTLNGSEFQPLAELRYLDFSNNRLDLLHSTAFEELHKLEVLDISSNSHYFQSEGITHMLNFTKNLKVLQKLMMNDNDISSSTSRTMESESLRTLEFRGNHLDVLWREGDNRYLQLFKNLLKLEELDISKNSLSFLPSGVFDGMPPNLKNLSLAKNGLKSFSWKKLQCLKNLETLDLSHNQLTTVPERLSNCSRSLKNLILKNNQIRSLTKYFLQDAFQLRYLDLSSNKIQMIQKTSFPENVLNNLKMLLLHHNRFLCTCDAVWFVWWVNHTEVTIPYLATDVTCVGPGAHKGQSVISLDLYTCELDLTNLILFSLSISVSLFLMVMMTASHLYFWDVWYIYHFCKAKIKGYQRLISPDCCYDAFIVYDTKDPAVTEWVLAELVAKLEDPREKHFNLCLEERDWLPGQPVLENLSQSIQLSKKTVFVMTDKYAKTENFKIAFYLSHQRLMDEKVDVIILIFLEKPFQKSKFLQLRKRLCGSSVLEWPTNPQAHYCLKNALATDNHVAYSQVFKETV,0
MKESSLQNSSCSLGKETKKENMFLQSSMLTCIFLLISGSCELCAEENFSRSYPCDEKKQNDSVIAECSNRRLQEVPQTVGKYVTELDLSDNFITHITNESFQGLQNLTKINLNHNPNVQHQNGNPGIQSNGLNITDGAFLNLKNLRELLLEDNQLPQIPSGLPESLTELSLIQNNIYNITKEGISRLINLKNLYLAWNCYFNKVCEKTNIEDGVFETLTNLELLSLSFNSLSHVPPKLPSSLRKLFLSNTQIKYISEEDFKGLINLTLLDLSGNCPRCFNAPFPCVPCDGGASINIDRFAFQNLTQLRYLNLSSTSLRKINAAWFKNMPHLKVLDLEFNYLVGEIASGAFLTMLPRLEILDLSFNYIKGSYPQHINISRNFSKLLSLRALHLRGYVFQELREDDFQPLMQLPNLSTINLGINFIKQIDFKLFQNFSNLEIIYLSENRISPLVKDTRQSYANSSSFQRHIRKRRSTDFEFDPHSNFYHFTRPLIKPQCAAYGKALDLSLNSIFFIGPNQFENLPDIACLNLSANSNAQVLSGTEFSAIPHVKYLDLTNNRLDFDNASALTELSDLEVLDLSYNSHYFRIAGVTHHLEFIQNFTNLKVLNLSHNNIYTLTDKYNLESKSLVELVFSGNRLDILWNDDDNRYISIFKGLKNLTRLDLSLNRLKHIPNEAFLNLPASLTELHINDNMLKFFNWTLLQQFPRLELLDLRGNKLLFLTDSLSDFTSSLRTLLLSHNRISHLPSGFLSEVSSLKHLDLSSNLLKTINKSALETKTTTKLSMLELHGNPFECTCDIGDFRRWMDEHLNVKIPRLVDVICASPGDQRGKSIVSLELTTCVSDVTAVILFFFTFFITTMVMLAALAHHLFYWDVWFIYNVCLAKVKGYRSLSTSQTFYDAYISYDTKDASVTDWVINELRYHLEESRDKNVLLCLEERDWDPGLAIIDNLMQSINQSKKTVFVLTKKYAKSWNFKTAFYLALQRLMDENMDVIIFILLEPVLQHSQYLRLRQRICKSSILQWPAEGLFWQTLRNVVLTENDSRYNNMYVDSIKQY,0
MENMFLQSSMLTCIFLLISGSCELCAEENFSRSYPCDEKKQNDSVIAECSNRRLQEVPQTVGKYVTELDLSDNFITHITNESFQGLQNLTKINLNHNPNVQHQNGNPGIQSNGLNITDGAFLNLKNLRELLLEDNQLPQIPSGLPESLTELSLIQNNIYNITKEGISRLINLKNLYLAWNCYFNKVCEKTNIEDGVFETLTNLELLSLSFNSLSHVPPKLPSSLRKLFLSNTQIKYISEEDFKGLINLTLLDLSGNCPRCFNAPFPCVPCDGGASINIDRFAFQNLTQLRYLNLSSTSLRKINAAWFKNMPHLKVLDLEFNYLVGEIASGAFLTMLPRLEILDLSFNYIKGSYPQHINISRNFSKLLSLRALHLRGYVFQELREDDFQPLMQLPNLSTINLGINFIKQIDFKLFQNFSNLEIIYLSENRISPLVKDTRQSYANSSSFQRHIRKRRSTDFEFDPHSNFYHFTRPLIKPQCAAYGKALDLSLNSIFFIGPNQFENLPDIACLNLSANSNAQVLSGTEFSAIPHVKYLDLTNNRLDFDNASALTELSDLEVLDLSYNSHYFRIAGVTHHLEFIQNFTNLKVLNLSHNNIYTLTDKYNLESKSLVELVFSGNRLDILWNDDDNRYISIFKGLKNLTRLDLSLNRLKHIPNEAFLNLPASLTELHINDNMLKFFNWTLLQQFPRLELLDLRGNKLLFLTDSLSDFTSSLRTLLLSHNRISHLPSGFLSEVSSLKHLDLSSNLLKTINKSALETKTTTKLSMLELHGNPFECTCDIGDFRRWMDEHLNVKIPRLVDVICASPGDQRGKSIVSLELTTCVSDVTAVILFFFTFFITTMVMLAALAHHLFYWDVWFIYNVCLAKVKGYRSLSTSQTFYDAYISYDTKDASVTDWVINELRYHLEESRDKNVLLCLEERDWDPGLAIIDNLMQSINQSKKTVFVLTKKYAKSWNFKTAFYLALQRLMDENMDVIIFILLEPVLQHSQYLRLRQRICKSSILQWPDNPKAEGLFWQTLRNVVLTENDSRYNNMYVDSIKQY,0
MGFCRSALHPLSLLVQAIMLAMTLALGTLPAFLPCELQPHGLVNCNWLFLKSVPHFSMAAPRGNVTSLSLSSNRIHHLHDSDFAHLPSLRHLNLKWNCPPVGLSPMHFPCHMTIEPSTFLAVPTLEELNLSYNNIMTVPALPKSLISLSLSHTNILMLDSASLAGLHALRFLFMDGNCYYKNPCRQALEVAPGALLGLGNLTHLSLKYNNLTVVPRNLPSSLEYLLLSYNRIVKLAPEDLANLTALRVLDVGGNCRRCDHAPNPCMECPRHFPQLHPDTFSHLSRLEGLVLKDSSLSWLNASWFRGLGNLRVLDLSENFLYKCITKTKAFQGLTQLRKLNLSFNYQKRVSFAHLSLAPSFGSLVALKELDMHGIFFRSLDETTLRPLARLPMLQTLRLQMNFINQAQLGIFRAFPGLRYVDLSDNRISGASELTATMGEADGGEKVWLQPGDLAPAPVDTPSSEDFRPNCSTLNFTLDLSRNNLVTVQPEMFAQLSHLQCLRLSHNCISQAVNGSQFLPLTGLQVLDLSHNKLDLYHEHSFTELPRLEALDLSYNSQPFGMQGVGHNFSFVAHLRTLRHLSLAHNNIHSQVSQQLCSTSLRALDFSGNALGHMWAEGDLYLHFFQGLSGLIWLDLSQNRLHTLLPQTLRNLPKSLQVLRLRDNYLAFFKWWSLHFLPKLEVLDLAGNQLKALTNGSLPAGTRLRRLDVSCNSISFVAPGFFSKAKELRELNLSANALKTVDHSWFGPLASALQILDVSANPLHCACGAAFMDFLLEVQAAVPGLPSRVKCGSPGQLQGLSIFAQDLRLCLDEALSWDCFALSLLAVALGLGVPMLHHLCGWDLWYCFHLCLAWLPWRGRQSGRDEDALPYDAFVVFDKTQSAVADWVYNELRGQLEECRGRWALRLCLEERDWLPGKTLFENLWASVYGSRKTLFVLAHTDRVSGLLRASFLLAQQRLLEDRKDVVVLVILSPDGRRSRYVRLRQRLCRQSVLLWPHQPSGQRSFWAQLGMALTRDNHHFYNRNFCQGPTAE,0
MAAPRGNVTSLSLSSNRIHHLHDSDFAHLPSLRHLNLKWNCPPVGLSPMHFPCHMTIEPSTFLAVPTLEELNLSYNNIMTVPALPKSLISLSLSHTNILMLDSASLAGLHALRFLFMDGNCYYKNPCRQALEVAPGALLGLGNLTHLSLKYNNLTVVPRNLPSSLEYLLLSYNRIVKLAPEDLANLTALRVLDVGGNCRRCDHAPNPCMECPRHFPQLHPDTFSHLSRLEGLVLKDSSLSWLNASWFRGLGNLRVLDLSENFLYKCITKTKAFQGLTQLRKLNLSFNYQKRVSFAHLSLAPSFGSLVALKELDMHGIFFRSLDETTLRPLARLPMLQTLRLQMNFINQAQLGIFRAFPGLRYVDLSDNRISGASELTATMGEADGGEKVWLQPGDLAPAPVDTPSSEDFRPNCSTLNFTLDLSRNNLVTVQPEMFAQLSHLQCLRLSHNCISQAVNGSQFLPLTGLQVLDLSHNKLDLYHEHSFTELPRLEALDLSYNSQPFGMQGVGHNFSFVAHLRTLRHLSLAHNNIHSQVSQQLCSTSLRALDFSGNALGHMWAEGDLYLHFFQGLSGLIWLDLSQNRLHTLLPQTLRNLPKSLQVLRLRDNYLAFFKWWSLHFLPKLEVLDLAGNQLKALTNGSLPAGTRLRRLDVSCNSISFVAPGFFSKAKELRELNLSANALKTVDHSWFGPLASALQILDVSANPLHCACGAAFMDFLLEVQAAVPGLPSRVKCGSPGQLQGLSIFAQDLRLCLDEALSWDCFALSLLAVALGLGVPMLHHLCGWDLWYCFHLCLAWLPWRGRQSGRDEDALPYDAFVVFDKTQSAVADWVYNELRGQLEECRGRWALRLCLEERDWLPGKTLFENLWASVYGSRKTLFVLAHTDRVSGLLRASFLLAQQRLLEDRKDVVVLVILSPDGRRSRYVRLRQRLCRQSVLLWPHQPSGQRSFWAQLGMALTRDNHHFYNRNFCQGPTAE,0
EHTYGEVNQLGGVFVNGRPLPNAIRLRIVELAQLGIRPCDISRQLRVSHGCVSKILARYNETGSILPGAIGGSKPRVTTPNVVKHIRDYKQGDPGIFAWEIRDRLLADGVCDKYNVPSVSSISRILRNKIGSLSQPGGPYDGGKQPPPQPALPYNPLYQYPYPGPMDPRAAKMGADPPGPVPAAHVGLPRSWPSAHSVTNILG,1
MEQTYGEVNQLGGVFVNGRPLPNAIRLRIVELAQLGIRPCDISRQLRVSHGCVSKILARYNETGSILPGAIGGSKPRVTTPNVVKHIRDYKQGDPGIFAWEIRDRLLADGVCDKYNVPSVSSISRILRNKIGSLAQPGPYEASKQPPSQPTLPYNHIYQYPYPSPVSPTGAKMGSHPGVPGTAGHVSIPRSWPSAHSVSNILGIRTFMEQTGALAGSEGTAYSPKMEDWAGVNRTAFPATPAVNGLEKPALEADIKYTQSASTLSAVGGFLPACAYPASNQHGVYSAPGGGYLAPGPPWPPAQGPPLAPPGAGVAVHGGELAAAMTFKHREGTDRKPPSSGSKAPDALSSLHGLPIPASTS,1
MEQTYGEVNQLGGVFVNGRPLPNAIRLRIVELAQLGIRPCDISRQLRVSHGCVSKILARYNETGSILPGAIGGSKPRVTTPNVVKHIRDYKQGDPGIFAWEIRDRLLADGVCDKYNVPSVSSISRILRNKIGSLAQPGPYEASKQPPPQPALPYNHIYQYPYPSPVSPTGTKMGTHPGVPGSAGHVSIPRSWPSAHSVSNILGIRTFMEQTGALAGSEGAAYSPKMEDWAGVNRAAFPTSPAVNGLEKPALEADIKYTQSASSLSAVGGFLPACAYPASNQHGVYSAPAAGYLSPGPPWPPAQAPPLTPHGAGVAVHGGELAAAMTFKHREGTDRKPPSPGGKATDALGSLHGLPIPASTS,1
MDIHCKADPFSAMHLSHIGHGGVNQLGGVFVNGRPLPDVVRQRIVELAHQGVRPCDISRQLRVSHGCVSKILGRYYETGSIKPGVIGGSKPKVATPKVVEKIAEYKRQNPTMFAWEIRDRLLAEGVCDNDTVPSVSSINRIIRTKVQQPFHPSSDGTGTPLSTAGHTIVPSTASPPVSSASNDPVGSYSINGILGIPRSNGEKRKRDDVLWSGNHLDGRKIGYHGSDGSGPNSDSQGSVESLRKHLRADAFTQQQLEALDRVFERPSYPDVFPTSEHIKPEQANEYSLPALNPGLDEVKPSLSTSVSSDLGSSVSQSYPVVTGREMASTTLPGYPPHVPPTGQGSYPTSTLAGMVPGSDFSGNPYSHPQYTTYNEAWRFSNPALLSSPYYYSAASRGSGPPTAATAYDRH,1
MDMHCKADPFSAMHPGHGGVNQLGGVFVNGRPLPDVVRQRIVELAHQGVRPCDISRQLRVSHGCVSKILGRYYETGSIKPGVIGGSKPKVATPKVVDKIAEYKRQNPTMFAWEIRDRLLAEGICDNDTVPSVSSINRIIRTKVQQPFHPTPDGAGTGVTAPGHTIVPSTASPPVSSASNDPVGSYSINGILGIPRSNGEKRKRDEVEVYTDPAHIRGGGGLHLVWTLRDVSEGSVPNGDSQSGVDSLRKHLRADTFTQQQLEALDRVFERPSYPDVFQASEHIKSEQGNEYSLPALTPGLDEVKSSLSASTNPELGSNVSGTQTYPVVTGRDMASTTLPGYPPHVPPTGQGSYPTSTLAGMVPGSEFSGNPYSHPQYTAYNEAWRFSNPALLSSPYYYSAAPRSAPAARAAAYDRH,1
MDMHCKADPFSAMHRHGGVNQLGGVFVNGRPLPDVVRQRIVELAHQGVRPCDISRQLRVSHGCVSKILGRYYETGSIKPGVIGGSKPKVATPKVVDKIAEYKRQNPTMFAWEIRDRLLAEGICDNDTVPSVSSINRIIRTKVQQPFHPTPDGAGTGVTAPGHTIVPSTASPPVSSASNDPVGSYSINGILGIPRSNGEKRKREEVEVYTDPAHIRGGGGLHLVWTLRDVSEGSVPNGDSQSGVDSLRKHLRADTFTQQQLEALDRVFERPSYPDVFQASEHIKSEQGNEYSLPALTPGLDEVKSSLSASANPELGSNVSGTQTYPVVTGRDMTSTTLPGYPPHLPPTGQGSYPTSTLAGMVPGSEFSGNPYSHPQYTAYNEAWRFSNPALLSSPYYYSAAPRSAPAARAAAYDRH,1
MTTLAGAVPRMMRPGPGQNYPRSGFPLEVSTPLGQGRVNQLGGVFINGRPLPNHIRHKIVEMAHHGIRPCVISRQLRVSHGCVSKILCRYQETGSIRPGAIGGSKPKQVTTPDVEKKIEEYKRENPGMFSWEIRDKLLKDAVCDRNTVPSVSSISRILRSKFGKGEEEEADLERKEAEESEKKAKHSIDGILSERASAPQSDEGSDIDSEPDLPLKRKQRRSRTTFTAEQLEELERAFERTHYPDIYTREELAQRAKLTEARVQVWFSNRRARWRKQAGANQLMAFNHLIPGGFPPTAMPTLPTYQLSETSYQPTSIPQAVSDPSSTVHRPQPLPPSTVHQSTIPSNPDSSSAYCLPSTRHGFSSYTDSFVPPSGPSNPMNPTIGNGLSPQVMGLLTNHGGVPHQPQTDYALSPLTGGLEPTTTVSASCSQRLDHMKSLDSLPTSQSYCPPTYSTTGYSMDPVTGYQYGQYGQSKPWTF,1
MTTLAGAVPRMMRPGPGQNYPRSGFPLEVSTPLGQGRVNQLGGVFINGRPLPNHIRHKIVEMAHHGIRPCVISRQLRVSHGCVSKILCRYQETGSIRPGAIGGSKPKQVTTPDVEKKIEEYKRENPGMFSWEIRDKLLKDAVCDRNTVPSVSSISRILRSKFGKGEEEEADLERKEAEESEKKAKHSIDGILSERASAPQSDEGSDIDSEPDLPLKRKQRRSRTTFTAEQLEELERAFERTHYPDIYTREELAQRAKLTEARVQVWFSNRRARWRKQAGANQLMAFNHLIPGGFPPTAMPTLPTYQLSEHSYQPTSIPQAVSDPSSTVHRPQPLPPSTVHQSTIPSNADSSSAYCLPSTRHGFSSYTDSFVPPSGPSNPMNPTIGNGLSPQVMGLLTNHGGVPHQPQTDYALSPLTGGLEPTTTVSASCSQRLEHMKNVDSLPTSQPYCPPTYSTAGYSMDPVTGYQYGQYGQSKPWTF,1
MQQDGLSSVNQLGGLFVNGRPLPLDTRQQIVQLAIRGMRPCDISRSLKVSNGCVSKILGRYYRTGVLEPKCIGGSKPRLATPAVVARIAQLKDEYPALFAWEIQHQLCTEGLCTQDKAPSVSSINRVLRALQEDQSLHWTQLRSPAVLAPVLPSPHSNCGAPRGPHPGTSHRNRTIFSPGQAEALEKEFQRGQYPDSVARGKLAAATSLPEDTVRVWFSNRRAKWRRQEKLKWEAQLPGASQDLTVPKNSPGIISAQQSPGSVPSAALPVLEPLSPSFCQLCCGTAPGRCSSDTSSQAYLQPYWDCQSLLPVASSSYVEFAWPCLTTHPVHHLIGGPGQVPSTHCSNWPMQQDGLSSVNQLGGLFVNGRPLPLDTRQQIVQLAIRGMRPCDISRSLKVSNGCVSKILGR,1
YYRTGVLEPKGIGGSKPRLATPAVVARIAQLKDEYPALFAWEIQRQLCAEGLCTQDKAPSVSSINRVLRALQEDQRLHWTQLRSPAVLAPALPSPHSNCEAPRGPHPGTSHRNRTIFSPGQAEALEKEFQRGQYPDSVVRGKLAAATSLPEDTVRVWFSNRRAKWRRQEKLKWETQMPGASQDLMVPKDSPGIISAQQSPGSVPSAALPVLEQLNPSFCQLCWGAVPDRCSSDTTSQACLQPYWECHSLLPVASSSYMEFAWPCLTTHPVHHLIGGPGQAPSTYYLHWP,1
MDLEKNYPTPRTSRTGHGGVNQLGGVFVNGRPLPDVVRQRIVELAHQGVRPCDISRQLRVSHGCVSKILGRYYETGSIKPGVIGGSKPKVATPKVVEKIAEYKRQNPTMFAWEIRDRLLAERVCDNDTVPSVSSINRIIRTKVQQPPNQPVPASSHSIVSTGSVTQVSSVSTDSAGSSYSISGILGITSPSADTNKRKRDEGIQESPVPNGHSLPGRDFLRKQMRGDLFTQQQLEVLDRVFERQHYSDIFTTTEPIKPEQTTEYSAMASLAGGLDDMKANLASPTPADIGSSVPGPQSYPIVTGRDLASTTLPGYPPHVPPAGQGSYSAPTLTGMVPGSEFSGSPYSHPQYSSYNDSWRFPNPGLLGSPYYYSAAARGAAPPAAATAYDRH,1
MDLEKNYPTPRTIRTGHGGVNQLGGVFVNGRPLPDVVRQRIVELAHQGVRPCDISRQLRVSHGCVSKILGRYYETGSIKPGVIGGSKPKVATPKVVEKIAEYKRQNPTMFAWEIRDRLLAERVCDNDTVPSVSSINRIIRTKVQQPPNQPVPASSHSIVSTGSVTQVSSVSTDSAGSSYSISGILGITSPSADTNKRKRDEGIQESPVPNGHSLPGRDFLRKQMRGDLFTQQQLEVLDRVFERQHYSDIFTTTEPIKPEQTTEYSAMASLAGGLDDMKANLTSPTPADIGSSVPGPQSYPIVTGRDLASTTLPGYPPHVPPAGQGSYSAPTLTGMVPGSEFSGSPYSHPQYSSYNDSWRFPNPGLLGSPYYYSPAARGAAPPAAATAYDRH,1
MWRVLFLLSGLGGLRMDSNFDSLPVQITVPEKIRSIIKEGIESQASYKIVIEGKPYTVNLMQKNFLPHNFRVYSYSGTGIMKPLDQDFQNFCHYQGYIEGYPKSVVMVSTCTGLRGVLQFENVSYGIEPLESSVGFEHVIYQVKHKKADVSLYNEKDIESRDLSFKLQSVEPQQDFAKYIEMHVIVEKQLYNHMGSDTTVVAQKVFQLIGLTNAIFVSFNITIILSSLELWIDENKIATTGEANELLHTFLRWKTSYLVLRPHDVAFLLVYREKSNYVGATFQGKMCHANYAGGVVLHPRTISLESLAVILAQLLSLSMGTTYDDINKCQCSGAVCIMNPEAIHFSGVKIFSNCSFEDFAHFISKQKSQCLHNQPRLDPFFKQQAVCGNAKLEAGEECDCGTEQDCALIGETCCDIATCRFKAGSNCAEGPCCENCLFMSKERMCRPSFEECDLPEYCNGSSASCPENHYVQTGHPCGLNQWICIDGVCMSGDKQCTDTFGKEVEFGPSECYSHLNSKTDVSGNCGISDSGYTQCEADNLQCGKLICKYVGKFLLQIPRATIIYANISGHLCIAVEFASDHADSQKMWIKDGTSCGSNKVCRNQRCVSSSYLGYDCTTDKCNDRGVCNNKKHCHCSASYLPPDCSVQSDLWPGGSIDSGNFPPVAIPARLPERRYIENIYHSKPMRWPFFLFIPFFIIFCVLIAIMVKVNFQRKKWRTEDYSSDEQPESESEPKG,1
MLPGCIFLMILLIPQVKEKFILGVEGQQLVRPKKLPLIQKRDTGHTHDDDILKTYEEELLYEIKLNRKTLVLHLLRSREFLGSNYSETFYSMKGGAFTRHPQIMDHCFYQGSIVHEYDSAASISTCNGLRGFFRINDQRYLIEPVKYSDEGEHLVFKYNLRVPYGANYSCTELNFTRKTVPGDNESEEDSKIKGIHDEKYVELFIVADDTVYRRNGHPHNKLRNRIWGMVNFVNMIYKTLNIHVTLVGIEIWTHEDKIELYSNIETTLLRFSFWQEKILKTRKDFDHVVLLSGKWLYSHVQGISYPGGMCLPYYSTSIIKDLLPDTNIIANRMAHQLGHNLGMQHDEFPCTCPSGKCVMDSDGSIPALKFSKCSQNQYHQYLKDYKPTCMLNIPFPYNFHDFQFCGNKKLDEGEECDCGPAQECTNPCCDAHTCVLKPGFTCAEGECCESCQIKKAGSICRPAKDECDFPEMCTGHSPACPKDQFRVNGFPCKNSEGYCFMGKCPTREDQCSELFDDDAIESHDICYKMNTKGNKFGYCKNKENRFLPCEEKDVRCGKIYCTGGELSSLLGEDKTYHLKDPQKNATVKCKTIFLYHDSTDIGLVASGTKCGEGMVCNNGECLNMEKVYISTNCPSQCNENPVDGHGLQCHCEEGQAPVACEETLHVTNITILVVVLVLVIVGIGVLILLVRYRKCIKLKQVQSPPTETLGVENKGYFGDEQQIRTEPILPEIHFLNKPASKDSRGIADPNQSAK,1
MLPGCIFLMILLILQVKEKVILGVEGQQLVYPKKLPLMQKRDIGHTHDDDIEETYEEELMYEIKLNRKTLVLHLLRSREFLGSNYSETFYSMKGEAFTRHLQIMDHCFYQGSIVHEYDSAASISTCNGLRGFFRVNDQRYLIEPVKYSDEGEHLVFKYNPRVPYVANYSCTELNFTRKTVPGDTESEGDPKMKAIHNEKYIELFIVADDTVYRRNSHPHNKLRNRIWGMVNFVNMIYKTLNIHVTLVGIEIWTHEDKIELHSNIETTLLRFSSWQERILKTRKDFDHVVLLSGKWIYTHVQGISYPAGMCLPYYSTSIIKDLLPDTNIIANRMAHQLGHNLGMQHDEFPCTCPSGKCVMDSDGSIPALKFSKCSQNQYHQYLKDYKPTCMLNIPFPCNFDDFQFCGNKKLDEGEECDCGPPQECTNPCCDAHTCVLKPGFTCAEGECCESCQIKKAGSICRPAEDECDFPEMCTGHSPACPKDQFRVNGFPCKNSEGYCFMGKCPTRRDQCSELFDDEATESHDICYKMNTKGNKFGYCKNKENRFLPCEEKDVRCGKIYCTGGELSYLLGEDKTYHLKDPQQNATVKCKTIFLYHDSTDIGLVASGTKCGDGMVCNNGECLNMEKVYNSTNCPSQCHENPMDDHGLQCHCEEGQAPVAWEETLNVTNVAILIVVLVLVIVGIGVLILLIRYQKCIKLKQVQSPPIETLGVENKGYFGDEQQMRTEPILPEIHFLNQRTPESLESLPTSFSSPHYITLKPASKDSRGIADPNQSAK,1
MFPTGIFLMTVLISHIQERGIVGVEGQQLVHPKKLPLLHKRDLERIHDSDIPEEYEEELLYEIKLGKKTLILHLLKAREFLSSNYSETYYNVKREVFTKHPQILDHCFYQGSIIHEFDSAASISTCNGLRGFFRVNDQRYLIEPVKYSDDGEHLMYKYNVKAPYATNHSCVGLNFTKKSALIDVENIEEHNAEDHHKEKFIELFVVADEYVYRRNNKPQNKLRNGIWGMVNFVNMIYKTLNIHVTLAGFEIWLAGDKIEIVSNLESTLLHFSTWQETVLKKRKDFDHVILLSGKWLYTSMQGIAYPGGICQILRSCSVVKDLLPDVNIIGNRMAHQLGHSLGMQHDGFPCTCPLGKCVMGDGSIPAIKFSKCSQTQYQQFLQDQKPACILNNPFPEKFNDYPFCGNKKVDEGEKCDCGPVQECTNPCCDAHKCVLKPGFTCVEGECCESCQMKKEGAVCRLAKNECDISEVCTGYSPECPKDEFQANGFPCRNGKGYCFMGLCPTRNEQCSELFIGGAEESHSLCYRMNKKGNRFGYCKNKGNTFVPCEEKDLKCGKIYCSGGRPSSRLGENKTYNLKNVKQNVTIKCRTMFLHHNSRDMGLVNSGTKCGDGMVCSNGECIEMEKAYNSTICSSPCDENDVDDNEPECQCEEGSIITEWGEALNLTSVSIMVIVLVMVIGVGLVILLIRYQKCIKMKQVQSSPREIRGVENKGYFPEEHQTRSEPILTDIHPLHTTAESLERVPSSFSSPHYITLKSVSKDSRGIADPKQTDNVNLNLDTQSGCERLG,1
MFPTGIFLMSVLISQMQGRGIVGVEGQELVHPKKLSLLQKRDLERIHDSDTPEEYEEELLYEIKLGRKTLTLHLLKAREFLALNYSETYYNIKREMVTRHPQILDHCFYQGSIIHEFDSAASISTCNGLRGFFRVNDQRYLIEPVKYSDEGDHLVFKYNVKAPYATNYSCEGLNFTKKSTLIDAKIIEEHKVEDYHKEKFIELFVVADEFVYRRNSKPQNKLRKRIWGMVNFVNMIYKALNIRVTLTGMEIWSAGDEIEIVSNLESTLLHFSTWQETVLKKRKDFDHVILLSGKWLYTSMQGIAYPGGICQTLRSCSVVKDLLPDVNIIGNRMAHQLGHSLGMRHDDFPCTCPLGKCVMGAGSIPAIKFSKCSQTQYQQFLKNQKPACILNNPLPEEFNDYPFCGNKKVDEGEECDCGPVQECTNPCCDAHKCVLKPGFTCVEGECCESCQMKKEGVICRPAKNECDISEVCTGYSPECPKDESQANGFPCKNGEGYCFMGLCPTRDDQCAELFSGGAEESHSLCYRMNQKGNRFGYCKNKDNTFVPCEEKDLKCGKIYCTGGRRSAHLGEDKTYNLKNVKQNISIKCKTMFLYHNSRDMGLVNSGTKCGEGMVCSNGECIEMEKAYNSTICSSLCDENDVDDNEPDCQCEEGPIITEWGEALNLTSVSIMVVVLVMVIIGVGLVILLIRYQKCIKMKQVQSSSREIRGIENKVYFPDEHQTRSEPIFTDIYPLHNTAESLERVPSTFSSPHYITLKSVSKDPRGIADPKQNDNMNLNLDSQSDCTRLG,1
MRGLGLWLLGAMMLPAIAPSRPWALMEQYEVVLPRRLPGPRVRRALPSHLGLHPERVSYVLGATGHNFTLHLRKNRDLLGSGYTETYTAANGSEVTEQPRGQDHCLYQGHVEGYPDSAASLSTCAGLRGFFQVGSDLHLIEPLDEGGEGGRHAVYQAEHLLQTAGTCGVSDDSLGSLLGPRTAAVFRPRPGDSLPSRETRYVELYVVVDNAEFQMLGSEAAVRHRVLEVVNHVDKLYQKLNFRVVLVGLEIWNSQDRFHVSPDPSVTLENLLTWQARQRTRRHLHDNVQLITGVDFTGTTVGFARVSAMCSHSSGAVNQDHSKNPVGVACTMAHEMGHNLGMDHDENVQGCRCQERFEAGRCIMAGSIGSSFPRMFSDCSQAYLESFLERPQSVCLANAPDLSHLVGGPVCGNLFVERGEQCDCGPPEDCRNRCCNSTTCQLAEGAQCAHGTCCQECKVKPAGELCRPKKDMCDLEEFCDGRHPECPEDAFQENGTPCSGGYCYNGACPTLAQQCQAFWGPGGQAAEESCFSYDILPGCKASRYRADMCGVLQCKGGQQPLGRAICIVDVCHALTTEDGTAYEPVPEGTRCGPEKVCWKGRCQDLHVYRSSNCSAQCHNHGVCNHKQECHCHAGWAPPHCAKLLTEVHAASGSLPVLVVVVLVLLAVVLVTLAGIIVYRKARSRILSRNVAPKTTMGRSNPLFHQAASRVPAKGGAPAPSRGPQELVPTTHPGQPARHPASSVALKRPPPAPPVTVSSPPFPVPVYTRQAPKQVIKPTFAPPVPPVKPGAGAANPGPAEGAVGPKVALKPPIQRKQGAGAPTAP,1
MLGLWLLSVLWTPAVAPGPPLPHVKQYEVVWPRRLAASRSRRALPSHWGQYPESLSYALGTSGHVFTLHLRKNRDLLGSSYTETYSAANGSEVTEQLQEQDHCLYQGHVEGYEGSAASISTCAGLRGFFRVGSTVHLIEPLDADEEGQHAMYQAKHLQQKAGTCGVKDTNLNDLGPRALEIYRAQPRNWLIPRETRYVELYVVADSQEFQKLGSREAVRQRVLEVVNHVDKLYQELSFRVVLVGLEIWNKDKFYISRYANVTLENFLSWREQNLQGQHPHDNVQLITGVDFIGSTVGLAKVSALCSRHSGAVNQDHSKNSIGVASTMAHELGHNLGMSHDEDIPGCYCPEPREGGGCIMTESIGSKFPRIFSRCSKIDLESFVTKPQTGCLTNVPDVNRFVGGPVCGNLFVEHGEQCDCGTPQDCQNPCCNATTCQLVKGAECASGTCCHECKVKPAGEVCRLSKDKCDLEEFCDGRKPTCPEDAFQQNGTPCPGGYCFDGSCPTLAQQCRDLWGPGARVAADSCYTFSIPPGCNGRMYSGRINRCGALYCEGGQKPLERSFCTFSSNHGVCHALGTGSNIDTFELVLQGTKCEEGKVCMDGSCQDLRVYRSENCSAKCNNHGVCNHKRECHCHKGWAPPNCVQRLADVSDEQAASTSLPVSVVVVLVILVAAMVIVAGIVIYRKAPRQIQRRSVAPKPISGLSNPLFYTRDSSLPAKNRPPDPSETVSTNQPPRPIVKPKRPPPAPPGAVSSSPLPVPVYAPKIPNQFRPDPPTKPLPELKPKQVKPTFAPPTPPVKPGTGGTVPGATQGAGEPKVALKVPIQKR,1
MRLLRRWAFAALLLSLLPTPGLGTQGPAGALRWGGLPQLGGPGAPEVTEPSRLVRESSGGEVRKQQLDTRVRQEPPGGPPVHLAQVSFVIPAFNSNFTLDLELNHQLLSSQYVERHFSREGTTQHSTGAGDHCYYQGKLRGNPHSFAALSTCQGLHGVFSDGNLTYIVEPQEVAGPWGAPQGPLPHLIYRTPLLPDPLGCREPGCLFAVPAQSAPPNRPRLRRKRQVRRGHPTVHSETKYVELIVINDHQLFEQMRQSVVLTSNFAKSVVNLADVIYKEQLNTRIVLVAMETWADGDKIQVQDDLLETLARLMVYRREGLPEPSDATHLFSGRTFQSTSSGAAYVGGICSLSHGGGVNEYGNMGAMAVTLAQTLGQNLGMMWNKHRSSAGDCKCPDIWLGCIMEDTGFYLPRKFSRCSIDEYNQFLQEGGGSCLFNKPLKLLDPPECGNGFVEAGEECDCGSVQECSRAGGNCCKKCTLTHDAMCSDGLCCRRCKYEPRGVSCREAVNECDIAETCTGDSSQCPPNLHKLDGYYCDHEQGRCYGGRCKTRDRQCQVLWGHAAADRFCYEKLNVEGTERGSCGRKGSGWVQCSKQDVLCGFLLCVNISGAPRLGDLVGDISSVTFYHQGKELDCRGGHVQLADGSDLSYVEDGTACGPNMLCLDHRCLPASAFNFSTCPGSGERRICSHHGVCSNEGKCICQPDWTGKDCSIHNPLPTSPPTGETERYKGPSGTNIIIGSIAGAVLVAAIVLGGTGWGFKNIRRGRSGGA,1
MRRLRRWAIAALLLLPLLPPPGLGALGPRGALHWRSSAHVGSPESPEGSEVTEPSRLVRQSSGGEVRKPQLDTRVRQDPPRGTPVHLAQVSFVIPAFDSNFTLDLELNHHLLSSQYVERHFSREGTRQHSTGAGDHCYYHGKLRGNPQSFAALSTCQGLHGVFSDGNLTYIVEPKEIAGPRGPPQGPLPHLIYRTPLLPAPLGCREPGCLFAVPAQSTLPNWPKLRRKRQVRRGHPTVHSETKYVELIVINDHQLFEQMRQSVVLTSNFAKSVVNLADVIYKEQLNTRIVLVAMETWADGDKIQVQDDLLETLARLMVYRREGLPEPSDATHLFSGRTFKSTSSGAAYVGGICSLSRGGGVNEYGNMGAMAVTLAQTLGQNLGMMWNKHRSSAGDCKCPDIWLGCIMEDTGFYLPRKFSRCSIDEYNQFLQEGGGSCLFNKPLKLLDPPECGNGFVEAGEECDCGSVQECSRAGGNCCKKCTLTHDAMCSDGLCCRRCKYEPRGVSCREAVNECDIAETCTGDSSQCPPNLHKLDGYYCDHEQGRCYGGRCKTRDRQCQALWGHAAADRFCYEKLNVEGTERGNCGRKGSGWVQCSKQDVLCGFLLCVNISGAPRLGDLGGDISSVTFYHQGKELDCRGGHVQLADGSDLSYVEDGTACGPNMLCLDHRCLPASAFNFSTCPGSGERRICSHHGVCSNEGKCICQPDWTGKDCSIHNPLPTSPPTGETERYKGPSGTNIIIGSIAGAVLVAAIVLGGTGWGFKNIRRGRSGGA,1
RRHHSPLLVSLIGGQTFKSSHSGAAYFGGICSPTHGGGVNEYGNIGAMAITLAQTLGQNLGMMWNKPRTTTGDCKCPDLWRGCIMEDTGFYLPQKFSRCSVDEYSKFLQDGGGSCLFNKPLKLLDPPSCGNGFIEIGEECDCGSPAECNKSRAGNCCKKCTLSHDAMCSDGLCCRGCKYEPRGTVCRESLNECDVPEACPGDSSACPANLHKQDGYFCDNEQGRCFGGRCKTRDRQCHALWGRGASDRFCYEKLNIEGTEKGNCGRDRQNWIQCSKQDVLCGYLLCSNISGIPQIGELNGDITSMSFYHQNRYLDCRGGQVTLPDGSCLGYVEDGTPCGPNMICLDRRCLPASAFNFSTCPGSWNGVICSDHGVCSNEGKCICHPEWTGKDCSVYDPLPVPKPTGVVEKYKGPSGTNIIIGSIAGAVLIAAIVLGGTGWGFKNIRRGRSGGG,1
MAARPLPVSPARALLLALAGALLAPCEARGVSLWNQGRADEVVSASVRSGDLWIPVKSFDSKNHPEVLNIRLQRESKELIINLERNEGLIASSFTETHYLQDGTDVSLARNYTVILGHCYYHGHVRGYSDSAVSLSTCSGLRGLIVFENESYVLEPMKSATNRYKLFPAKKLKSVRGSCGSHHNTPNLAAKNVFPPPSQTWARRHKRETLKATKYVELVIVADNREFQRQGKDLEKVKQRLIEIANHVDKFYRPLNIRIVLVGVEVWNDMDKCSVSQDPFTSLHEFLDWRKMKLLPRKSHDNAQLVSGVYFQGTTIGMAPIMSMCTADQSGGIVMDHSDNPLGAAVTLAHELGHNFGMNHDTLDRGCSCQMAVEKGGCIMNASTGYPFPMVFSSCSRKDLETSLEKGMGVCLFNLPEVRESFGGQKCGNRFVEEGEECDCGEPEECMNRCCNATTCTLKPDAVCAHGLCCEDCQLKPAGTACRDSSNSCDLPEFCTGASPHCPANVYLHDGHSCQDVDGYCYNGICQTHEQQCVTLWGPGAKPAPGICFERVNSAGDPYGNCGKVSKSSFAKCEMRDAKCGKIQCQGGASRPVIGTNAVSIETNIPLQQGGRILCRGTHVYLGDDMPDPGLVLAGTKCADGKICLNRQCQNISVFGVHECAMQCHGRGVCNNRKNCHCEAHWAPPFCDKFGFGGSTDSGPIRQADNQGLTIGILVTILCLLAAGFVVYLKRKTLIRLLFTNKKTTIEKLRCVRPSRPPRGFQPCQAHLGHLGKGLMRKPPDSYPPKDNPRRLLQCQNVDISRPLNGLNVPQPQSTQRVLPPLHRAPRAPSVPARPLPAKPALRQAQGTCKPNPPQKPLPADPLARTTRLTHALARTPGQWETGLRLAPLRPAPQYPHQVPRSTHTAYIK,1
MAERPARRAPPARALLLALAGALLAPRAARGMSLWDQRGAYEVARASLLSKDPGIPGQSIPAKDHPDVLTVQLQLESRDLILSLERNEGLIANGFTETHYLQDGTDVSLTRNHTDHCYYHGHVQGDAASVVSLSTCSDLRGLIMFENKTYSLEPMKNTTDSYKLVPAESMTNIQGLCGSQHNKSNLTMEDVSPGTSQMRARRHKRETLKMTKYVELVIVADNREFQRQGKDLEKVKQRLIEIANHVDKFYRPLNIRIVLVGVEVWNDIDKCSISQDPFTRLHEFLDWRKIKLLPRKSHDNAQLISGVYFQGTTIGMAPIMSMCTAEQSGGVVMDHSDSPLGAAVTLAHELGHNFGMNHDTLERGCSCRMAAEKGGCIMNPSTGFPFPMVFSSCSRKDLEASLEKGMGMCLFNLPEVKQAFGGRKCGNGYVEEGEECDCGEPEECTNRCCNATTCTLKPDAVCAHGQCCEDCQLKPPGTACRGSSNSCDLPEFCTGTAPHCPANVYLHDGHPCQGVDGYCYNGICQTHEQQCVTLWGPGAKPAPGICFERVNSAGDPYGNCGKDSKSAFAKCELRDAKCGKIQCQGGASRPVIGTNAVSIETNIPQQEGGRILCRGTHVYLGDDMPDPGLVLAGTKCAEGKICLNRRCQNISVFGVHKCAMQCHGRGVCNNRKNCHCEAHWAPPFCDKFGFGGSTDSGPIRQADNQGLTVGILVSILCLLAAGFVVYLKRKTLMRLLFTHKKTTMEKLRCVHPSRTPSGPHLGQAHHTPGKGLLMNRAPHFNTPKDRHSLKCQNMDISRPLDARAVPQLQSPQRVLLPLHQTPRAPSGPARPLPASPAVRQAQGIRKPSPPQKPLPADPLSRTSRLTSALVRTPGQQEPGHRPAPIRPAPKHQVPRPSHNAYIK,1
MRLALLWALGLLGAGSPLPSWPLPNIGGTEEQQAESEKAPREPLEPQVLQDDLPISLKKVLQTSLPEPLRIKLELDGDSHILELLQNRELVPGRPTLVWYQPDGTRVVSEGHTLENCCYQGRVRGYAGSWVSICTCSGLRGLVVLTPERSYTLEQGPGDLQGPPIISRIQDLHLPGHTCALSWRESVHTQTPPEHPLGQRHIRRRRDVVTETKTVELVIVADHSEAQKYRDFQHLLNRTLEVALLLDTFFRPLNVRVALVGLEAWTQRDLVEISPNPAVTLENFLHWRRAHLLPRLPHDSAQLVTGTSFSGPTVGMAIQNSICSPDFSGGVNMDHSTSILGVASSIAHELGHSLGLDHDLPGNSCPCPGPAPAKTCIMEASTDFLPGLNFSNCSRRALEKALLDGMGSCLFERLPSLPPMAAFCGNMFVEPGEQCDCGFLDDCVDPCCDSLTCQLRPGAQCASDGPCCQNCQLRPSGWQCRPTRGDCDLPEFCPGDSSQCPPDVSLGDGEPCAGGQAVCMHGRCASYAQQCQSLWGPGAQPAAPLCLQTANTRGNAFGSCGRNPSGSYVSCTPRDAICGQLQCQTGRTQPLLGSIRDLLWETIDVNGTELNCSWVHLDLGSDVAQPLLTLPGTACGPGLVCIDHRCQRVDLLGAQECRSKCHGHGVCDSNRHCYCEEGWAPPDCTTQLKATSSLTTGLLLSLLVLLVLVMLGAGYWYRARLHQRLCQLKGPTCQYRAAQSGPSERPGPPQRALLARGTKSQGPAKPPPPRKPLPADPQGRCPSGDLPGPGAGIPPLVVPSRPAPPPPTVSSLYL,1
MRLALLWALGLLGAGSPRPSPPLPNIGGTEEEQQASPERTLSGSMESRVVQDSPPMSLADVLQTGLPEALRISLELDSESHVLELLQNRDLIPGRPTLVWYQPDGTRMVSEGYSLENCCYRGRVQGHPSSWVSLCACSGIRGLIVLSPERGYTLELGPGDLQRPVISRIQDHLLLGHTCAPSWHASVPTRAGPDLLLEQHHAHRLKRDVVTETKIVELVIVADNSEVRKYPDFQQLLNRTLEAALLLDTFFQPLNVRVALVGLEAWTQHNLIEMSSNPAVLLDNFLRWRRTDLLPRLPHDSAQLVTVTSFSGPMVGMAIQNSICSPDFSGGVNMDHSTSILGVASSIAHELGHSLGLDHDSPGHSCPCPGPAPAKSCIMEASTDFLPGLNFSNCSRQALEKALLEGMGSCLFERQPSLAPMSSLCGNMFVDPGEQCDCGFPDECTDPCCDHFTCQLRPGAQCASDGPCCQNCKLHPAGWLCRPPTDDCDLPEFCPGDSSQCPSDIRLGDGEPCASGEAVCMHGRCASYARQCQSLWGPGAQPAAPLCLQTANTRGNAFGSCGRSPGGSYMPCAPRDVMCGQLQCQWGRSQPLLGSVQDRLSEVLEANGTQLNCSWVDLDLGNDVAQPLLALPGTACGPGLVCIGHRCQPVDLLGAQECRRKCHGHGVCDSSGHCRCEEGWAPPDCMTQLKATSSLTTGLLLSLLLLLVLVLLGASYWHRARLHQRLCQLKGSSCQYRAPQSCPPERPGPPQRAQQMTGTKSQGPTKPPPPRKPLPANPQGQHPPGDLPGPGDGSLPLVVPSRPAPPPPAASSLYL,1
MRLALLWALGLLGAGSPRPSPPLPNIGGTEEEQQASPERTQSRSLENQVVQDSPPINLTEVLQTGLPETLRIGLELDGENHILELQQNRDLVPGRPTLVWYQPDGTRMVSEGHSLENCCYRGRVQGRPSSWVSLCACSGIRGLVVLSPERSYTLELGPGDLQRPLIVSRIQDLLLPGHTCAPSWHAFVPTEAAPDLLLEQHHLRRLKRDVVTETKIVELVIVADNSEVRKYPDFQQLLNRTLEVALLLDTFFQPLNVRVALVGLEAWTQRDLIEMSSNPAVLLDNFLRWRRTDLLPRLPHDSAQLVTVTSFSGPMVGMAIQNSICSPDFSGGVNMDHSTSILGVASSIAHELGHSLGLDHDSPGNSCPCPGPAPAKSCIMEASTDFLPGLNFSNCSRWALEKALLDGMGSCLFEWPPSRAPMSSLCGNMFVDPGEQCDCGFPDECTDPCCDYFTCQLRPGAQCASDGPCCQNCKLQPAGWQCRLPTDDCDLPEFCLGDSSQCPPDIRLGDGEPCASGEAVCMHGRCASYTRQCQSLWGPGAQPAAPLCLQTANTRGNAFGSCGRSPSGSYMPCNLRDAICGQLQCQWGRNQPLLGSVQDQLSEVLEANGTQLNCSWVDLDLGNDVAQPLLALPGTACGPGLVCIGHRCQPVDLLGAQECRSKCHGHGVCDSSRHCHCDEGWAPPDCMTQLRATSSLTTGLLLSLLLLLVLVLLGASYWYRARLHQRLCQLKGSSCQYRAAQSGPPERPGPPQRAQQMPGTKPQGPTKPPPPRKPLPANPQGRPPLGDLPGPGDGSLQLVVPSRPAPPPPAASSLYL,1
MRQSLLFLTSVVPFVLAPRPPDDPGFGPHQRLEKLDSLLSDYDILSLSNIQQHSVRKRDLQTSTHVETLLTFSALKRHFKLYLTSSTERFSQNFKVVVVDGKNESEYTVKWQDFFTGHVVGEPDSRVLAHIRDDDVIIRINTDGAEYNIEPLWRFVNDTKDKRMLVYKSEDIKNVSRLQSPKVCGYLKVDNEELLPKGLVDREPPEELVHRVKRRADPDPMKNTCKLLVVADHRFYRYMGRGEESTTTNYLIELIDRVDDIYRNTSWDNAGFKGYGIQIEQIRILKSPQEVKPGEKHYNMAKSYPNEEKDAWDVKMLLEQFSFDIAEEASKVCLAHLFTYQDFDMGTLGLAYVGSPRANSHGGVCPKAYYSPVGKKNIYLNSGLTSTKNYGKTILTKEADLVTTHELGHNFGAEHDPDGLAECAPNEDQGGKYVMYPIAVSGDHENNKMFSNCSKQSIYKTIESKAQECFQERSNKVCGNSRVDEGEECDPGIMYLNNDTCCNSDCTLKEGVQCSDRNSPCCKNCQFETAQKKCQEAINATCKGVSYCTGNSSECPPPGNAEDDTVCLDLGKCKDGKCIPFCEREQQLESCACNETDNSCKVCCRDLSGRCVPYVDAEQKNLFLRKGKPCTVGFCDMNGKCEKRVQDVIERFWDFIDQLSINTFGKFLADNIVGSVLVFSLIFWIPFSILVHCVDKKLDKQYESLSLFHPSNVEMLSSMDSASVRIIKPFPAPQTPGRLQPAPVIPSAPAAPKLDHQRMDTIQEDPSTDSHMDEDGFEKDPFPNSSTAAKSFEDLTDHPVTRSEKAASFKLQRQNRVDSKETEC,1
MRRRLLILTTLVPFVLAPRPPEEAGSGAHPRLEKLDSLLSDYDILSLANIQQHSIRKRDLQSATHLETLLTFSALKRHFKLYLTSSTERFSQNLRVVVVDGKEESEYSVKWQDFFSGHVVGEPDSRVLAHIGDDDVTVRINTDGAEYNIEPLWRFVNDTKDKRMLVYKSEDIKDFSRLQSPKVCGYLNADSEELLPKGLIDREPSEEFVRRVKRRAEPNPLKNTCKLLVVADHRFYKYMGRGEESTTTNYLIELIDRVDDIYRNTSWDNAGFKGYGVQIEQIRILKSPQEVKPGERHFNMAKSFPNEEKDAWDVKMLLEQFSFDIAEEASKVCLAHLFTYQDFDMGTLGLAYVGSPRANSHGGVCPKAYYNPTVKKNIYLNSGLTSTKNYGKTILTKEADLVTTHELGHNFGAEHDPDGLAECAPNEDQGGKYVMYPIAVSGDHENNKMFSNCSKQSIYKTIESKAQECFQERSNKVCGNSRVDEGEECDPGIMYLNNDTCCNSDCTLKPGVQCSDRNSPCCKNCQFETAQKKCQEAINATCKGVSYCTGNSSECPPPGDAEDDTVCLDLGKCKAGKCIPFCKREQELESCACVDTDNSCKVCCRNLSGPCVPYVDAEQKNLFLRKGKPCTVGFCDMNGKCEKRVQDVIERFWDFIDQLSINTFGKFLADNIVGSVLVFSLIFWIPFSILVHCVDKKLDKQYESLSLFHHSNIEMLSSMDSASVRIIKPFPAPQTPGRLQALQPAAMMPPVSAAPKLDHQRMDTIQEDPSTDSHVDDDGFEKDPFPNSSTAAKSFEDLTDHPVTRSEKAASFKLQRQSRVDSKETEC,1
MRQRLLFLTTLVPFVLAPRPPEEPGSGSHLRLEKLDSLLSDYDILSLSNIQQHSIRKRDLQSATHLETLLTFSALKRHFKLYLTSSTERFSQNLRVVVVDGKEESEYSVKWQDFFSGHVVGEPDSRVLAHIGDDDVTVRINTDGAEYNIEPLWRFVNDTKDKRMLVYKSEDIKDFSRLQSPKVCGYLNADSEELLPKGLIDREPSEEFVRRVKRRAEPNPLKNTCKLLVVADHRFYKYMGRGEESTTTNYLIELIDRVDDIYRNTSWDNAGFKGYGVQIEQIRILKSPQEVKPGERHFNMAKSFPNEEKDAWDVKMLLEQFSLDIAEEASKVCLAHLFTYQDFDMGTLGLAYVGSPRANSHGGVCPKAYYNPGVKKNIYLNSGLTSTKNYGKTILTKEADLVTTHELGHNFGAEHDPDGLAECAPNEDQGGKYVMYPIAVSGDHENNKMFSNCSKQSIYKTIESKAQECFQERSNKVCGNSRVDEGEECDPGIMYLNNDTCCNSDCTLKPGVQCSDRNSPCCKNCQFETAQKKCQEAINATCKGVSYCTGNSSECPPPGDAEDDTVCLDLGKCKAGKCIPFCKREQELESCACADTDNSCKVCCRNLSGPCVPYVDAEQKNLFLRKGKPCTVGFCDMNGKCEKRVQDVIERFWDFIDQLSINTFGKFLADNIVGSVLVFSLIFWIPFSILVHCVDKKLDKQYESLSLFHHSNIEMLSSMDSASVRIIKPFPAPQTPGRLQALQPAAMMPPVSAAPKLDHQRMDTIQEDPSTDSHVDDDGFEKDPFPNSSAAAKSFEDLTDHPVTRSEKAASFKLQRQSRVDSKETEC,1
MFFLLALLTELGRLQAHVGSEGIFLHVTVPRKILSNDSEVSERKMIYIITIDGQPYTLHLRKQSFLPQNFLVYTYNEAGSLHSESPYFMMHCHYQGYAAEFPNSFVTLSICSGLRGFLQFENVSYGIEPLESSARFEHIIYQMKNNDPNVSILAENYSHIWQKDQSYKVPLNSQKKNLSKLLPQYLEIYIIVEKALYDYMGSEMMAVTQKIVQVIGLVNTMFTQFRLTVTLSSLELWSNENQISTSGDADDILQRFLAWKRDYLILRPHDIAYLLVYRKHPKYVGATFPGTICNESYDAGIAMYPDAIDLEGFSVIIAQLLGLNVGLTYDDITQCFCLRATCIMNHEAMSARGIKIFSNCSMHDYRYFVSKFEAKCLQKLSNLQPLHQNQPVCGNGILESNEECDCGNKKECQFKKCCDYNTCKLKGSVKCGSGPCCTSKCELSIVGTPCRKSVDPECDFTEYCNGTSSDCVPDTYALNGHLCKLGTAYCYNGQCQTTDNQCAKIFGKGAQGAPFACFKEVNSLHETSENCGFKNSQPLPCERKDVLCGKLACVQPHKNAYKSDIQYTVYSYIQDHVCVSIATGSSMRSDGTDNAYVADGTMCGPEMYCVNKTCRKVHLTGYNCNTTTKCKGKGICNNFGNCQCFPGHKPPDCKFQFGSPGGSIDDGNFQKSDEFYTEKGYNAHWNNWFILSFYIVLPFFIIFTIVIFKRNEIRKLCNRENTELIHPLYQKAMMWNINIAQNFRSK,1
MPLLFILAELAMLFARLDSEGICLHITVPQKIEPRKGGDAEGKVTYVITIDGKPYSLHLRNHSFLSQNFLVYTYNETGSLYSDSSHFLAHCHYRGYVDEVPNSIVTLSICSGLRGFLQLENVSYGIEPLESSARFEHIVYQVKSNSSMLAGNDSHVWQTDQLDKGHFNDQDKNHSQLLPQSLKLHIIVGKFLFDYMGSDIMAITQKIFQIIGLVNAMLTQLKLSVVLASLELWSDKNHISTDGNATDILQRLLDWKRDYLTLQSNEITHLLIYRRHPKYIGAASPGEICSKSYVAGVGMYPEDIGLEGFSVVITQLIGLHIGLTYDDNIRNCSCPSAPCIMQQGALSSSGKKTFSNCSLHDYMHYVSNFDTQCLGDLSNVHVLQPKQAVCGNGIMEAGEECDCGNETECQFKECCDHETCRLKGSAQCGSGACCMPTCELSASGTPCRKAVDPECDFTEYCDGSSSHCVPDTFALNGHLCRLGSAYCYNGRCQALNDQCVSLFGKGSQGASYACFEKVNSPRENLANCDSKDSYSVPCGQQDVLCGKLACFRPPKNYKSPSQSVVYSYVHDSVCLSVLPGLSMRSDGRDSAYVADGTVCGPQMYCINGTCKEVNFTGNDCNATKKCKGNGICNNFGNCQCFPDYRPPDCNLQIGSPGGSIDDGNTLRTESAFATKRLSKNEDSWVILGFFIFLPFIVTFLVGIMKRNERKIVPQGEHKI,1
IYRKHLKYIGATSPGELCNESYVAGVGTYPEDIGLEGLSMVITQLIGLHIGLTYDDVDNCSCPRAPCIMQPEALSSSGMKTFSNCSVHDYTHYASKLDMQCLGDLSNVLQPKQSVCGNGIVEGSEECDCGNETECQFKECCNHETCKLKGSAQCGSGTCCTPKCELSAAGTPCRKAVDPECDFTEYCDGSSSHCVPDTFALDGHLCRLGSAYCYNGRCQALNDQCVSLFGKGSQGASYACFEKVNSQRENLANCDSKNSYSLPCGQKDVLCGKLACFRPNKNYKSSTQSVLYSYVHGSVCLSIPPGLSMRSDGKDNAYVADGTVCGPQMYCINGSCKEVNFTGNDCNAAKKCKGNGICNNFGHCQCFPDYRPPDCNLQIGSPGGSIDDGNLLRTDSALATKRLSQHADSWVILGFFIFLPFIMTLFLGIIKRNERKIVPQKEQER,1
MPGGAGAARLCLLAFALQPLRPRAAREPGWTSKGSEEGSPKLQHELIIPQWKTSESPVREKHPLKAELRVMAEGRELILDLEKNEQLFAPSYTETHYTSSGNPQTTTRKLEDHCFYHGTVRETELSSVTLSTCRGIRGLITVSSNLSYVIEPLPDSKGQHLIYRSEHLKPPPGNCGFEHSKPTTRDWALQFTQQTKKRPRRMKREDLNSMKYVELYLVADYLEFQKNRRDQDATKHKLIEIANYVDKFYRSLNIRIALVGLEVWTHGNMCEVSENPYSTLWSFLSWRRKLLAQKYHDNAQLITGMSFHGTTIGLAPLMAMCSVYQSGGVNMDHSENAIGVAATMAHEMGHNFGMTHDSADCCSASAADGGCIMAAATGHPFPKVFNGCNRRELDRYLQSGGGMCLSNMPDTRMLYGGRRCGNGYLEDGEECDCGEEEECNNPCCNASNCTLRPGAECAHGSCCHQCKLLAPGTLCREQARQCDLPEFCTGKSPHCPTNFYQMDGTPCEGGQAYCYNGMCLTYQEQCQQLWGPGARPAPDLCFEKVNVAGDTFGNCGKVMNGEHRKCNMRDAKCGKIQCQSSEARPLESNAVPIDTTIIMNGRQIQCRGTHVYRGPEEEGDMLNPGLVMTGTKCGYNHICFEGQCRNTSFFETEGCGKKCNGHGVCNNNQNCHCLPGWAPPFCNTPGHGGSIDSGPMPPESVGPVVAGVLVAILVLAVLMLMYYCCRQNNKLGQLKPSALPSKLRQQFSCPFRVSQNSGTGHANPTFKLQTPQGKRKVINTPEILRKPSQPPPRPPPDYLRGGSPPAPLPAHLSRAARNSPGPGSQIERTESSRRPPPSRPIPPAPNCIVSQDFSRPRPPQKALPANPVPGRRSLPRPGGASPLRPPGAGPQQSRPLAALAPKVSPREALKVKAGTRGLQGGRCRVEKTKQFMLLVVWTELPEQKPRAKHSCFLVPA,1
MPGRAGVARFCLLALALQLHWPLAACEPGWTTRGSQEGSPPLQHELIIPQWRTSESPGRGKHPLRAELRVMAEGRELILDLEKNEHLFAPAYTETCYTASGNPQTSTLKSEDHCFYHGTVRDVDESSVTLSTCRGIRGLIIVRSNLSYIIEPVPNSDSQHRIYRSEHLTLPPGNCGFEHSGPTSKDWALQFTHQTKKQPRRMKREDLHSMKYVELYLVADYAEFQKNRHDQDATKRKLMEIANYVDKFYRSLNIRIALVGLEVWTHGDKCEVSENPYSTLWSFLSWRRKLLAQKSHDNAQLITGRSFQGTTIGLAPLMAMCSVYQSGGVSMDHSENAIGVASTVAHEIGHNFGMSHDSAHCCSASAADGGCIMAAATGHPFPKVFSWCNRKELDRYLQTGGGMCLSNMPDTRTLYGGRRCGNGYLEDGEECDCGEEEECKNPCCNASNCTLKEGAECAHGSCCHQCKLVAPGTQCREQVRQCDLPEFCTGKSPHCPTNYYQMDGTPCEGGQAYCYNGMCLTYQEQCQQLWGPGARPALDLCFERVNAAGDTYGNCGKGLNGQYRKCSPRDAKCGKIQCQSTQARPLESNAVSIDTTITLNGRRIHCRGTHVYRGPEEEEGEGDMLDPGLVMTGTKCGHNHICFEGQCRNTSFFETEGCGKKCNGHGVCNNNKNCHCFPGWSPPFCNTPGDGGSVDSGPLPPKSVGPVIAGVFSALFVLAVLVLLCHCYRQSHKLGKPSALPFKLRHQFSCPFRVSQSGGTGHANPTFKLQTPQGKRKVTNTPESLRKPSHPPPRPPPDYLRVESPPAPLPAHLNRAAGSSPEAGARIERKESARRPPPSRPMPPAPNCLLSQDFSRPRPPQKALPANPVPGQRTGPRSGGTSLLQPPTSGPQPPRPPAVPVPKLPEYRSQRVGAIISSKI,1
MAVGEPLVHIRVTLLLLWLGMFLSISGHSQARPSQYFTSPEVVIPLKVISRGRGAKAPGWLSYSLRFGGQRYIVHMRVNKLLFAAHLPVFTYTEQHALLQDQPFIQDDWYYHGYVEGVPESLVALSTCSGGFLGMLQINDLVYEIKPISVSATFEHLVYKIDSDDTQFPPMRCGLTEEKIAHQMELQLSYNFTLKQSSFVGWWTHQRFVELVVVVDNIRYLFSQSNATTVQHEVFNVVNIVDSFYHPLEVDVILTGIDIWTASNPLPTSGDLDNVLEDFSIWKNYNLNNRLQHDVAHLFIKDTQGMKLGVAYVKGICQNPFNTGVDVFEDNRLVVFAITLGHELGHNLGMQHDTQWCVCELQWCIMHAYRKVTTKFSNCSYAQYWDSTISSGLCIQPPPYPGNIFRLKYCGNLVVEEGEECDCGTIRQCAKDPCCLLNCTLHPGAACAFGICCKDCKFLPSGTLCRQQVGECDLPEWCNGTSHQCPDDVYVQDGISCNVNAFCYEKTCNNHDIQCKEIFGQDARSASQSCYQEINTQGNRFGHCGIVGTTYVKCWTPDIMCGRVQCENVGVIPNLIEHSTVQQFHLNDTTCWGTDYHLGMAIPDIGEVKDGTVCGPEKICIRKKCASMVHLSQACQRKTCNMRGICNNKQHCHCNHEWAPPYCKDKGYGGSADSGPPPKNNMEGLNVMGKLRYLSLLCLLPLVAFLLFCLHVLFKKRTKSKEDEEG,1
MAVDGTLVYIRVTLLLLWLGVFLSISGYCQAGPSQHFTSPEVVIPLKVISRGRSAKAPGWLSYSLRFGGQKHVVHMRVKKLLVSRHLPVFTYTDERALLEDQLFIPDDCYYHGYVEGAPESLVVFSACFGGFRGVLKISGLTYEIEPIRHSATFEHLVYKVNSNETQFPAMRCGLTEKEVARQQLEFEEAENSALEPKSAGDWWTHAWFLELVVVVNHDFFIYSQSNISKVQEDVFLVVNIVDSMYQQLGTYIILIGIEIWNQGNVFPMTSIEQVLNDFSQWKQISLSQLQHDAAHMFIKNSLISILGLAYVAGICRPPIDCGVDNFQGDTWSLFANTVAHELGHTLGMQHDEEFCFCGERGCIMNTFRVPAEKFTNCSYADFMKTTLNQGSCLHNPPRLGEIFMLKRCGNGVVEREEQCDCGSVQQCEQDACCLLNCTLRPGAACAFGLCCKDCKFMPSGELCRQEVNECDLPEWCNGTSHQCPEDRYVQDGIPCSDSAYCYQKRCNNHDQHCREIFGKDAKSASQNCYKEINSQGNRFGHCGINGTTYLKCHISDVFCGRVQCENVRDIPLLQDHFTLQHTHINGVTCWGIDYHLRMNISDIGEVKDGTVCGPGKICIHKKCVSLSVLSHVCLPETCNMKGICNNKHHCHCGYGWSPPYCQHRGYGGSIDSGPASAKRGVFLPLIVIPSLSVLTFLFTVGLLMYLRQCSGPKETKAHSSG,1
MECFIMLGADARTLMRVTLLLLWLKALPSLIDLSQTGSTQYLSSPEVVIPLKVTSRARGAKNSEWLSYSLVFGGRRHVVHMRVKKLLVSTHIPVLTYTEEHTPLSDYPFVPSDCYYHGYVEGALESLVAFSACNGGLQGVLQMNGFSYEIEPIKHSSTFEHLVYTLNNNKTQFPPMLCSLTEKRLLYQPFGVEEAKKSAMKQNYGKLWPHMWFLELAVVVDYGFFTNAQQNLSKVRGDVVLVVNMVDSMYKPLDTYVTLVGIEIWNRGNVLPMENIHQVLEDFSHWKQISLSQVHHDAAHIFIRSSLISVLGIAYIAGICRPPLDCGVENFQGDAWSLFANTVAHELGHTFGMKHDEESCSCGKSGCVMSTFRVPAERFTNCSYSDFMKTTLNQGTCLYNHPRPGAGFLVKRCGNGMVESEEECDCGSVQECEQDPCCFLNCTLRPAAACSFGLCCKDCKFMLLGELCRPKINECDLPEWCNGTSHQCPEDGYVQDGVPCGAGAYCYQKQCNNHDQQCREIFGKGARSASHNCYKEINLQGNRFGHCGTDGTVFLKCRMSDVFCGKVHCENVEDIHHPQAPYVLQNIYANGITCWSTGHCLGMGVPDVGEVKDGTTCGVGKICLHKKCVSLSVLSNACLPETCNRKGVCNNKHHCHCDYGWSPPFCLHRGYGGSIDSGPTSQKRRVIITVLSITVPVLSILICLLIAGLYRIYCKIPSGPKETKASSPG,1
MQAAAAASFWLLCVLGTCPLARCGRAGVASLKGLERGKENRFLERQSIIPLRLIYRLGGEDETQHNQLDTRVRGDPGGPQLTHVDKASFRVDAFGTSFVLDVLLNHELLSSGYVERQIEHGGKVVENKGGEHCYYQGQIRGNPVSFVALSTCHGLHGMFYDGNHTYLIEPEENEKSQESSHCHSVYKSRQFEFPLDDLPSEFQRVNITPPQFILKPRLKRRKRQLLRFPRNVEEETKYIELMIVNDHLMFKKHRLSVVYTNTYAKSVVNMADVIYKDQLKTRIVLVAMETWAADNKFAISENPLITLREFMKYRRDFIKEKADAVHLFSGSQFESSRSGAAYIGGICSLLRGGGVNEFGKTDLMAVTLAQSLAHNVGIISDKRKLASGECKCEDTWSGCIMGDTGYYLPKKFTQCNVEEYHDFLNSGGGACLFNKPSKLLDPPECGNGFIETGEECDCGTPAECALEGAECCKKCTLTQDSQCSDGLCCKKCKFQPLGTVCREAVNDCDIREICSGNSSQCAPNVHKMDGYSCDGTQGICFGGRCKTRDRQCKYIWGQKVTASDRYCYEKLNIEGTEKGNCGKDKDTWTQCNKRDVLCGYLLCTNIGNIPRLGELDGEITSTLVVQQGRTLNCSGAHVKLEEDVDLGYVEDGTPCGPQMMCLEHRCLPVASFNFSTCSSSKAGTVCSGNGVCSNELKCVCNRHWTGADCGTHFPHNDDAKTGITLSGNGVAGTNIIIGIIAGTILVLALILGITAWGYKNYREQRQLPQGDYVKKPGDGDSFYSDFPPGGSTNSASSSKKRSNGLSHSWSERIPDTKHISDICENGRPRSNSWQGNMGGNKKKIRGKRFRPRSNSTE,1
MHINGGPLASWICCVIGSIHLAHASTRPENGGTSGMQRKKENSVLGMEDTVPLRLIFSNEEDNQTTQGLLSTRVRAGSPQHQDQLTHVAQASFQIDAFGSSFILDVELNHDLLSSDYRERHVTQDGKTVEVKGGEHCYYQGQIRGKAKSFVALSTCNGLHGMFCDGNHTYLIEPGEKYNPNEDYQFHSVYKSKVLEFPLDELPSEFWALNDTSVRLSQQTRSQRKKRQTRRYPRNVEDETKYVELMIVNDHLMYKKHRLSVGHTNSYAKSVVNMADLIYKEQLNTRIVLVAMETWATDNKFSISENPLLTLKEFMKYRRDFIKDKSDAVHLFSGSQLRVAAVVLRILVEWCSLLKGGGVNEFGKPDVMAVTLAQSLAHNLGIFSDKKKLLSGECKCEDTWSGCIMGDIGYYLPSKFSVCNIEEYHEFLNNGGGACLFNKPLKLLDPPECGNGFVETGEECDCGTIAECAMEGEECCKKCTLTQDSECSDGLCCSNCKFNPKEMLCREAVNDCDIPETCTGNTSQCPANIHKLDGYSCESMQGLCFGGRCKTRDRQCKYIWGEKVSAADRYCYEKLNIEGTEKGNCGRNKETWIQCNKQDVLCGYLLCTNISNVPRLGELDGDVTSSSIVNQGKLYNCSGGHVKLDEDTDLGYVEDGTPCGTGMMCLEHRCLPIDSFNFSTCLGSTNKICSGHGVCSNEVRCICDRFWTGEDCSSYLHYDHIKPEGDNRDEGVISTNIIIGAIAGTILVLALVLGITAWGYKNYRRERQIPQGDYVKKPGDADSFYSDLPPGVSSNSASSSKKRSAILSHFQISACSIPHYSISQNISLFCRRSNGLSHSWSERIPDTKHVSDVCENGRPRSNSWQGNVTSSRKKLRGKRFRPRSNSTETLSPAKSPSSSTGSIASSRRYPYPMPPLPDEERKASKQSARLWETSI,1
MVAMSEALVHARITLLQAWLRMLLFSSVWPPTWCAEYKGPPETVKPLRVIVSSKDMSLAGWMSYSLYFGGQRHIISMKSKNFLESRQLPVFTYNDQGVLFEDRPFVQNDCYYLGFVDGDLESMAALTTCFGGFQGILQINDTAYEIKPKSPSSTFEHLLYKLDSEKTQLRPMRCGLTDEEIEGQVRLQENGKSTRMQSIYGSWWSHGLYIKLALVIDHEQYLYRKKNTSLVIRDVLSIMQGINLFLLSVDINVVLLGLTIWTNGNPIPVQDIYALLPAFCTWKGTNLDSQIPYDIAHLFVNYTFSNYFGIAYVGTVCDKTFGCGIDSIAEDDFLTIGHIVAHEIGHNLGMSHDGILCTCGEESCLMSATMDSSQKLSNCSYEVLWAHMINKSCIHREPRPSDIFQLKVCGNGIVEEGEQCDCGSSENCRRNRCCMPSCTLRSKAKCDTGLCCNHKCQIQPSGTLCRARENECDLPEWCNGTSHECPEDLFVQDGTSCPGDGYCYEKRCNSHDVHCQRVFGQLAMKASDSCYKELNTRGDRFGNCGFINNEYVRCEISDILCGRIQCDKVGTLPILQNHYTIHWTHFNSVSCWSTDYHLGMKITDLGDIKDGTNCGPQHVCIDRKCVNKPSWVNDCTPETCNMKGVCNNKQHCHCDVGWSPPNCQETGTGGSIDSGSPGNEVYEDEVVSKKDAPEKPNVIIWLLPIICVAVVLSVLFCLSGATKKSREAAASQPAGETVKPPYEGAEPSYETVKPPDEWANP,1
MQTTQRASSFAAAEDNIAMDKAVVYTRIPHLYLWLEILNILSSRPLTGYAQHTSLPEVVIPLRVTGNRPMWAMGWLTYSLHFGGQKHFIHIKAKKFLVSRLFSVFTYTKQGALHKDQPYVQNDCYYHGHMDGDPESMVAITTCYGGFQGILQINGTVYEIKPKNLSSTFEHLVHKMDSEETELLPMRCALTEEIARQMKLQQNENPTLMQSHYEGWWTHKSFLDLALVVERERIRYHNNNTSRVLVEVFTIINIINNIYETLDVELVLLGVEMWNERNHVQVRSIEELLDEFCMWKARSLNFRIPNDIAHIFVNHEFGIYLGLAYIGSVCVPSHNCGVDRLLGGNLFYFGRIIAHEMGHNLGMEHDSSSCTCGTKICLMAPADNGIPKFSNCSYSYYWATYATAKCMRKEKKSKGILRGKLCGDGVVDDGEQCDCGSAKSCADDPCCKPSCTLKDGAACAFGLCCLYCQIMPAGTVCRQEVNECDLPEWCNGHSHKCPNDVYLLDGSPCRDGGYCYEKRCNNRDEQCKQIFGKEARSADHSCYRELNTQGDRFGNCGVIRDAYLRCHDPDILCGRVQCENVAHIPFLRDHSTVHWTHLNGVTCWGTDYHFGMTIPDIGIVKDGTDCGPEHVCINKKCVSKSIWRSQCSPKTCNMKGVCNNLHHCHCNLGWDPPHCLKSGLGGSIDSGPPNYTENYTEKKHKKSIGLVILFWILFACFSVLFIVFLFFLRSYVELPMSEEPKVPTPENKEDTNEVMNTETE,1
MFLKFCLWTMFFFSAWSPIGHAKYSSLLEVVTPLRVTVTRGNNISPGRLSYSLNIGGQRHIITMKPKKNLISRNFLLFTYSDQGDLLEQHHFVQNDCYYHGYVDEDLESPVIVNTCFGSLQGTLEINGTSYEIMPKSSTSTFEHLVYKMDSGDSESSPMRCGLSEEETAQQTKLQESNAPTLLQIPYENWWTHHRFIEYFVVLDHKQYVHRNNNITTCIQDMLQIVNGVNGYYLQIDTDVVLTTLEVWNEKNYINVELSIFKVLGDFCTWKQNMFGNRIRHDIIHLLVRQGYGLYLGLAYLADVCTPYNCGVSSVLSDVMSDMAHIVAHEMGHNFGMKHDGIGCTCGLKDCLMAPYKTNSPKFSNCSYEEMYSVVTKRSCLYDIPEALVTNLTVCGNKVVEEGEQCDCGNSESCLQDPCCSSDCVLKPGAQCAFGLCCKNCQFLKTGTVCREEKNECDLPEWCNGTSAECPGDVYKADGIPCSGEGYCYKMECHQRDEQCRKIFGNGSRSADEICYMEMNRQGDRFGNCGNDSSTYRTCQIADVLCGQIQCENVIQLPQRRNHETVHYTHFSNITCWTMDYHFGITIDDIGAVSDGTAYAPDHICVDRKCVSKSVLVSNCSPQLYHMQGICNNKQHCHCGVTWKPPDCQKRGHGGSIDSGPPPLPLSHSKWIVYILIVLDVCIVIIIYLFSFYKLSK,1
MLQGLLPVSLLLSVAVSAIKELPGVKKYEVVYPIRLHPLHKREAKEPEQQEQFETELKYKMTINGKIAVLYLKKNKNLLAPGYTETYYNSTGKEITTSPQIMDDCYYQGHILNEKVSDASISTCRGLRGYFSQGDQRYFIEPLSPIHRDGQEHALFKYNPDEKNYDSTCGMDGVLWAHDLQQNIALPATKLVKLKDRKVQEHEKYIEYYLVLDNGEFKRYNENQDEIRKRVFEMANYVNMLYKKLNTHVALVGMEIWTDKDKIKITPNASFTLENFSKWRGSVLSRRKRHDIAQLITATELAGTTVGLAFMSTMCSPYSVGVVQDHSDNLLRVAGTMAHEMGHNFGMFHDDYSCKCPSTICVMDKALSFYIPTDFSSCSRLSYDKFFEDKLSNCLFNAPLPTDIISTPICGNQLVEMGEDCDCGTSEECTNICCDAKTCKIKATFQCALGECCEKCQFKKAGMVCRPAKDECDLPEMCNGKSGNCPDDRFQVNGFPCHHGKGHCLMGTCPTLREQCTELWGPGTEVADKSCYNRNEGGSKYGYCRRVDDTLIPCKANDTMCGKLFCQGGSDNLPWKGRIVTFLTCKTFDPEDTSQEIGMVANGTKCGDNKVCINAECVDIEKAYKSTNCSSKCKGHAVCDHELQCQCEEGWIPPDCDDSSVVFHFSIVVGVLFPMAVIFVVVAMVIRHQSSREKQKKDQRPLSTTGTRPHKQKRKPQMVKAVQPQEMSQMKPHVYDLPVEGNEPPASFHKDTNALPPTVFKDNPMSTPKDSNPEA,1
MLQALLTVSLLLSPVPVSAIKELPGVKKYEVVYPIRLHPLHKREVKEPEQQEQFETELKYKMTVNGKIAVLYLKKNKNLLAPGYTETYYNSTGKEITTSPQIMDDCYYQGHIINEKDSDASISTCRGLRGYFSQGNQRYFIEPLSPIHRDGQEHALFKYDPEEKNYDSTCGTDGVLWVHDLQNIARPATRLVKLNDGKVQKHEKYIEYYLVLDNGEFKKYNENQDEIRKRVFEMANYVNMLYKKLNTHVALVGMEIWTDEDKINITPNASFTLENFSKWRGSVLPRRKRHDIAQLITATEFAGMTVGLAFMSTMCSPYHSVGVVQDHSDNLLRVAGTMAHEMGHNFGMFHDNYSCKCPSTICVMDKALSFYIPTDFSSCSRVSYDKFFEDKLSNCLFNAPLPTDIISTPICGNQMVEMGEDCDCGTSEECTNICCDAKTCKIKAGFQCTSGECCEKCQFKKAGMVCRPAKDECDLPEMCDGKSGNCPDDRFRANGFPCHHGKGYCLMGACPTLQEQCTELWGPGTKVADQSCYNRNEGGSKYGYCRRVDDTLIPCKTNDTMCGKLFCQGGSDNLPWKGRIVTFLTCKTFDPEDTSEEIGMVANGTKCGHNKVCINAECVDIEKAYKSTNCSSKCKGHAVCDHELQCQCEEGWSPPDCDDSSVVFYFSIVVAVLFPVAVISLVVAIVIRQQSSREKQKKDQRPLSTTGTRPHKQKRKPQMVKAVQPQEMSQMKLHVYDLPVEGNEPPASFLISKPDFSPPPIPAPRSSSFLDSNPKA,1
MQQWSLLVVSFLLSPVPVSAIKELPKAKKYEVVYPIRLHPLRKRETQEPEPKETFETELRYKMTVNGKVAVLYLKKNNKLLAPDYSETYYNSSGNKVTTSPQIMDSCYYQGHIVNEKVSAASISTCQGLRGYISQGDEKYFIEPLSSENLDEQAHALFKDDSNEDQEKSNCGVDDALWLQGLHQDVALPATRLIKLNDGMVQEPKKYIEYYVVLDNGEFKKYNKNLAEIRKIVLEMANYINMLYNKLDAHVALVGVEIWTDGDKIKITPDANTTLENFSKWRGNDLLKRKHHDIAQLISSTDFSGSTVGLAFMSSMCSPYHSVGIVQDHSNYHLRVAGTMAHEMGHNLGMIHDYLSCKCPSEVCVMEQSLRFHMPTDFSSCSRVNYKQFLEEKLSHCLFNSPLPSDIISTPVCGNQLLEMNEDCDCGTPKECTNKCCDARTCKIKAGFQCALGECCEKCQLKKPGVVCRAAKDECDLPEVCDGKSSHCPGDRFRVNGSPCQNGHGYCLKGKCPTLQQQCMDMWGPGTKVANTSCYKQNEGGTKYGYCHVENGTHMPCKAKDAMCGKLFCEGGSGDLPWKGLTISFLTCKLFDPEDTSQGVDMVANGTKCGTNKVCINAECVDMEKTYKSANCSSKCKGHAVCDHELQCQCKEGWAPPDCENSATVFHFSIVVGVLFPLAVIFVVVAIVIQRQSARRKQRRVQRLPSTKDAKLHNQKCRPQKVKDVQPQEMSQMKKLHVSDLPSEEPEPPPDVLITKPNFPPPPIPVSLDPNAKV,1
MAFDISVNASKTINALVYFSTQQNKLVIRNEVNDTHYTVKIDRGKVVDTFISYNRHNDSIEIRGVLPEETNIGCTVNTPVSMTYLYNKYSFKLILAEYIRHRNTVSGNIYSALMTLDDLVIKQYGDIDLLFNEKLKVDSDSGLFDFVNFVKDIICCDSRIVVALSSLVSKHWELTNKNYRCMALAEYIADSIPISELSRLRYNLCKYLRGHTESIEDEFDYFEDDDLSTCSAVTDRETDV,1
